<Code>;<Translation>
;
l_39za_art_thailand_shop;B.KhF.1
l_39za_art_thailand_0;"<color=#7b9fb5>Aero Lodochody</color>
Ekhrụxng Bin Khạb Lị Bæb Thī 1 Albatros"
l_39za_art_thailand_1;B.KhF.1
l_39za_art_thailand_2;B.KhF.1
f-84g_thailand_shop;B.Kh.16
f-84g_thailand_0;"<color=#7b9fb5>Republic Aircraft Corporation</color>
Ekhrụxng Bin Khạb Lị Bæb Thī 16 Thunderjet"
f-84g_thailand_1;B.Kh.16
f-84g_thailand_2;B.Kh.16
f-5a_thailand_shop;B.Kh.18
f-5a_thailand_0;"<color=#7b9fb5>Northrop Corporation</color>
Ekhrụxng Bin Khạb Lị Bæb Thī 18 Freedom Fighter"
f-5a_thailand_1;B.Kh.18
f-5a_thailand_2;B.Kh.18
f-5e_fcu_thailand_shop;B.Kh.18Kh (1988)
f-5e_fcu_thailand_0;"<color=#7b9fb5>Northrop Corporation / Elbit Systems</color>
Ekhrụxng Bin Khạb Lị Bæb Thī 18Kh Tigris
<color=#c0c0c0>Kār prạb pelī̀yn 1988</color>"
f-5e_fcu_thailand_1;B.Kh.18Kh
f-5e_fcu_thailand_2;B.Kh.18
f-5t_thailand_shop;B.Kh.18Kh (2003)
f-5t_thailand_0;"<color=#7b9fb5>Northrop Corporation / Elbit Systems</color>
Ekhrụxng Bin Khạb Lị Bæb Thī 18Kh Tigris
<color=#c0c0c0>Kār prạb pelī̀yn 2003</color>"
f-5t_thailand_1;B.Kh.18Kh
f-5t_thailand_2;B.Kh.18
f-5th_thailand_shop;B.Kh.18Kh (2014)
f-5th_thailand_0;"<color=#7b9fb5>Northrop Corporation | Elbit Systems</color>
Ekhrụxng Bin Khạb Lị Bæb Thī 18Kh Super Tigris
<color=#c0c0c0>Kār prạb pelī̀yn 2014</color>"
f-5th_thailand_1;B.Kh.18Kh
f-5th_thailand_2;B.Kh.18
f_16a_block_15_ocu_thailand_shop;B.Kh.19
f_16a_block_15_ocu_thailand_0;"<color=#7b9fb5>General Dynamics Corporation</color>
Ekhrụxng Bin Khạb Lị Bæb Thī 19 Fighting Falcon"
f_16a_block_15_ocu_thailand_1;B.Kh.19
f_16a_block_15_ocu_thailand_2;B.Kh.19
saab_jas39c_thailand_shop;B.Kh.20
saab_jas39c_thailand_0;"<color=#7b9fb5>Saab AB</color>
Ekhrụxng Bin Khạb Lị Bæb Thī 20 Gripen"
saab_jas39c_thailand_1;B.Kh.20
saab_jas39c_thailand_2;B.Kh.20
;
av_8s_thailand_shop;B.KhL.1K (3107)
av_8s_thailand_0;"<color=#7b9fb5>Hawker Siddeley</color>
Ekhrụxng Bin Khạb Lị Bæb Thī 1K Matador
<color=#ffe66d>S/N 161374 / 3107</color>"
av_8s_thailand_1;B.KhL.1K
av_8s_thailand_2;B.KhL.1
av_8s_late_thailand_shop;B.KhL.1K
av_8s_late_thailand_0;"<color=#7b9fb5>Hawker Siddeley</color>
Ekhrụxng Bin Khạb Lị Bæb Thī 1K Matador"
av_8s_late_thailand_1;B.KhL.1K
av_8s_late_thailand_2;B.KhL.1
;
a_7e_thailand_shop;B.JT.1K
a_7e_thailand_0;"<color=#7b9fb5>Ling-Temco-Vought</color>
Ekhrụxng Bin Jomtī Bæb Thī 1K Corsair II"
a_7e_thailand_1;B.JT.1K
a_7e_thailand_2;B.JT.1
;
sb2c_5_thailand_shop;B.J.3
sb2c_5_thailand_0;"<color=#7b9fb5>Curtiss-Wright Corporation</color>
Ekhrụxng Bin Jomtī Bæb Thī 3 Helldiver"
sb2c_5_thailand_1;B.J.3
sb2c_5_thailand_2;B.J.3
alpha_jet_a_thailand_shop;B.J.7
alpha_jet_a_thailand_0;"<color=#7b9fb5>Dornier Flugzeugwerke</color>
Ekhrụxng Bin Jomtī Bæb Thī 7"
alpha_jet_a_thailand_1;B.J.7
alpha_jet_a_thailand_2;B.J.7
alpha_jet_th_phase_1_shop;B.J.7 (2004)
alpha_jet_th_phase_1_0;"<color=#7b9fb5>Dornier Flugzeugwerke</color>
Ekhrụxng Bin Jomtī Bæb Thī 7
<color=#c0c0c0>Kār prạb pelī̀yn 2004</color>"
alpha_jet_th_phase_1_1;B.J.7
alpha_jet_th_phase_1_2;B.J.7
;
;
;
jp_m163_vulcan_shop;Ptx. M 163 A1
jp_m163_vulcan_0;Pụn Txsu Xākāṣyān Xạttā Jr 20 mm M 163 A1
jp_m163_vulcan_1;Ptx. M 163 A1
jp_m163_vulcan_2;SPAA
jp_m60a3_tts_shop;Th.Hlạk M 60 A3
jp_m60a3_tts_0;Rth Thạng Hlạk M 60 A3
jp_m60a3_tts_1;Th.Hlạk M 60 A3
jp_m60a3_tts_2;Main Battle Tank
jp_stingray_shop;Th.Bao 32
jp_stingray_0;Rth Thạng Bao 32
jp_stingray_1;Th.Bao 32
jp_stingray_2;Light Tank
jp_oplot_t_shop;Th.Hlạk 57
jp_oplot_t_0;Rth Thạng Hlạk 57
jp_oplot_t_1;Th.Hlạk 57
jp_oplot_t_2;Main Battle Tank
;
shop/group/f_5_f_16_thailand_group;B.Kh.18/Kh.19
;
;
;
;
;
;
;
loading_bg/login_layer_oplot_t;Th.Hlạk 57
