<Common>;
;
unlocks/group/tasks;Tasks
item/gift_prize_trophy;Prize Trophy
gift_prize_trophy/desc;Get the prize trophy for completing this task.
unlocks/chapter/history_pages;Pages of History
unlocks/group/tasks_for_tank;Tasks for Tankers
unlocks/group/tasks_for_air;Tasks for Pilots
unlocks/group/tasks_for_ship;Tasks for Sailors
unlocks/group/coupon_upgrade;Coupon upgrade
unlocks/chapter/holidays;Holidays
unlocks/chapter_2025_battle_of_jutland_event;Battle of Jutland
unlocks/group/german_empire;German Empire Tasks
unlocks/group/entente;Triple Entente Tasks
april_2025_great_war;The Great War
2025_battle_of_jutland_event_ab;The Battle of Jutland
2025_battle_of_jutland_event_rb;The Battle of Jutland
gift_decals_trophy/desc;Get one of the special decals for completing this task.
;
;
;
<Holidays>;
;
unlocks/group/moments_of_valor_australia;Moments of Valor: Australia
unlocks/group/australia_day;Australia Day
unlocks/group/italian_air_force;Italian Air Force Day
unlocks/group/british_air_force_day;RAF Day
;
;
;
;
<Marathons>;
;
unlocks/chapter/winter_tales;Winter Tales
unlocks/chapter/new_year;<color=@warningTextColor>X-Mas</color>
unlocks/chapter/great_war;The Great War
;
unlocks/chapter/may_marathon;Legend of Victory
unlocks/chapter/summer_marathon;Operation S.U.M.M.E.R.
unlocks/chapter/summer_2019;Operation H.E.A.T.
unlocks/chapter/summer_quest;Summer Quest
unlocks/chapter/summer_marathon_2021;Summer Landing
unlocks/chapter/summer_extreme;Summer Extreme
unlocks/chapter/winter_marathon;Operation W.I.N.T.E.R.
unlocks/chapter/ny_2018;Festive Quest
unlocks/chapter/new_year_2019;Festive Quest
unlocks/chapter/winter_2019_ship;Sea Voyage
unlocks/chapter/winter_2020;Operation F.R.O.S.T.
unlocks/chapter/winter_quest;Winter Quest
unlocks/chapter/winter_extreme;Winter Extreme
unlocks/chapter/winter_2026;Winter Concert
unlocks/chapter/craft_2020_spring;Space Race
unlocks/chapter/craft_2021_spring;Future Technology
unlocks/chapter/craft_2022_spring;The Battle for Arachis
unlocks/chapter/craft_2023_spring;Repair Factory
unlocks/chapter/craft_2019_autumn;Operation “Shipyard”
unlocks/chapter/craft_2020_autumn;Wargame “Strategist”
unlocks/chapter/craft_2021_autumn;Export Order
unlocks/chapter/craft_2022_autumn;Project “Overpowered”
unlocks/chapter/craft_2023_autumn;Tokushu Heiki
;
unlocks/chapter/2024_02_tank;Call of the Dragon
unlocks/chapter/2024_02_air;Sword of Justice
unlocks/chapter/2024_03_ship;Imperial Flagship
unlocks/chapter/2024_04_tank;Inferno Cannon
unlocks/chapter/2024_05_air;Legend of Victory
unlocks/chapter/2024_06_tank;Operation Overlord
unlocks/chapter/2024_07_ship;Flight of the Albatross
unlocks/chapter/2024_08_air;Persian Tomcat
unlocks/chapter/2024_09_ship;Steel baron
unlocks/chapter/2024_10_tank;Mobile Sniper
unlocks/chapter/2024_11_air;Flight of the Vulture
unlocks/chapter/2025_01_tank;Enter the Serpent
unlocks/chapter/2025_02_air;Freedom Fighter
unlocks/chapter/2025_03_tank;Rocket Storm
unlocks/chapter/2025_04_air;Eye in the Sky
unlocks/chapter/2025_05_tank;Legend of Victory
unlocks/chapter/2025_05_air;Spirit of the Tempest
unlocks/chapter/2025_06_tank;Normandy ‘44
unlocks/chapter/2025_07_ship;Naples of the East
unlocks/chapter/2025_08_air;Sky Guard
unlocks/chapter/2025_09_ship;Black Hussar
unlocks/chapter/2025_10_tank;Semper Fidelis
unlocks/chapter/2025_11_tank;Fast And Dangerous
unlocks/chapter/2025_11_ship;Sea Defender
unlocks/chapter/2026_01_tank;Paintball Arena
unlocks/chapter/2026_02_air;Workhorse
unlocks/chapter/2026_03_ship;Pacific Pearl
unlocks/chapter/2026_04_air;Lion of Peshawar
unlocks/chapter/2026_05_ship;Marine Gendarme
unlocks/chapter/2026_06_air;Wings Over Water
unlocks/chapter/2026_07_tank;Scimitar Strike
unlocks/chapter/2026_08_ship;Guardian of the Baltic Sea
unlocks/chapter/2026_09_air;Space Program
;
;
;
;
<Misc>;
;
item/2025_new_year_decal_trophy_gift;“Serpent Warrior” decal
item/2025_new_year_tank_decor_trophy_gift;“Christmas Miss Gnome” decoration
item/2025_new_year_ship_flag_trophy_gift;“Flag of the Ded Moroz” ship flag
item/get_winter_quest_2023_trophy_air_1;▭Get 1/10 Marks of distinction for pilots
item/get_winter_quest_2023_trophy_air_2;▭Get 7/10 Marks of distinction for pilots
item/get_winter_quest_2023_trophy_tank_1;▔Get 1/10 Marks of distinction for tankers
item/get_winter_quest_2023_trophy_tank_2;▔Get 5/10 Marks of distinction for tankers
item/get_winter_quest_2023_trophy_tank_3;▔Get 7/10 Marks of distinction for tankers
item/get_winter_quest_2023_trophy_ship_1;⋚Get 1/10 Marks of distinction for sailors
item/get_winter_quest_2023_trophy_ship_2;⋚Get 5/10 Marks of distinction for sailors
item/get_winter_quest_2023_trophy_ship_3;⋚Get 7/10 Marks of distinction for sailors
gift_winter_2023_air_decal_trophy_1/name;▭Get 2/10 Marks of distinction for pilots
gift_winter_2023_tank_decal_trophy_1/name;▔Get 2/10 Marks of distinction for tankers
gift_winter_2023_tank_decal_trophy_2/name;▔Get 4/10 Marks of distinction for tankers
gift_winter_2023_ship_decal_trophy_1/name;⋚Get 2/10 Marks of distinction for sailors
gift_winter_2023_ship_decal_trophy_2/name;⋚Get 4/10 Marks of distinction for sailors
gift_almighty_key_air_1/name;▭Get 3/10 Marks of distinction for pilots
gift_almighty_key_tank_1/name;▔Get 3/10 Marks of distinction for tankers
gift_almighty_key_ship_1/name;⋚Get 3/10 Marks of distinction for sailors
;
;
;
<Stages>;
;
marathon_air_stage_1/name;Mark of distinction for pilots 1
marathon_air_stage_2/name;Mark of distinction for pilots 2
marathon_air_stage_3/name;Mark of distinction for pilots 3
marathon_air_stage_4/name;Mark of distinction for pilots 4
marathon_air_stage_5/name;Mark of distinction for pilots 5
marathon_air_stage_6/name;Mark of distinction for pilots 6
marathon_air_stage_7/name;Mark of distinction for pilots 7
marathon_air_stage_8/name;Mark of distinction for pilots 8
marathon_air_stage_9/name;Mark of distinction for pilots 9
marathon_air_stage_10/name;Mark of distinction for pilots 10
;
marathon_tank_stage_1/name;Mark of distinction for tankers 1
marathon_tank_stage_2/name;Mark of distinction for tankers 2
marathon_tank_stage_3/name;Mark of distinction for tankers 3
marathon_tank_stage_4/name;Mark of distinction for tankers 4
marathon_tank_stage_5/name;Mark of distinction for tankers 5
marathon_tank_stage_6/name;Mark of distinction for tankers 6
marathon_tank_stage_7/name;Mark of distinction for tankers 7
marathon_tank_stage_8/name;Mark of distinction for tankers 8
marathon_tank_stage_9/name;Mark of distinction for tankers 9
marathon_tank_stage_10/name;Mark of distinction for tankers 10
;
marathon_ship_stage_1/name;Mark of distinction for sailors 1
marathon_ship_stage_2/name;Mark of distinction for sailors 2
marathon_ship_stage_3/name;Mark of distinction for sailors 3
marathon_ship_stage_4/name;Mark of distinction for sailors 4
marathon_ship_stage_5/name;Mark of distinction for sailors 5
marathon_ship_stage_6/name;Mark of distinction for sailors 6
marathon_ship_stage_7/name;Mark of distinction for sailors 7
marathon_ship_stage_8/name;Mark of distinction for sailors 8
marathon_ship_stage_9/name;Mark of distinction for sailors 9
marathon_ship_stage_10/name;Mark of distinction for sailors 10
;
;
;
<11-2024>;
;
gift_coupon_upgrade/desc;"Get a coupon upgrade for completing this task. Upgrading a coupon allows you to convert a non-tradable coupon into a tradable one and sell it on the market.
The upgrade can also be exchanged for 1,600 War Bonds."
gift_iar_93b_coupon/name;The coupon for the IAR-93B (non-tradable)
gift_iar_93b_coupon/desc;Get the coupon for the IAR-93B for completing this task.
gift_iar_93b_tradable_coupon/name;Upgrade coupon for the IAR-93B
item/gift_2024_11_aircraft_decal_trophy;Special decal
gift_2024_11_aircraft_decal_trophy/desc;Get the “50th Anniversary of the First Flight of the IAR-93B” or the “CCIIZ Emblem” decal for completing this task.
;
;
;
<12-2024>;
;
item/gift_mb_151c1;M.B.151C1
gift_cn_t_80ud_478be_coupon/name;Obj.478BE
gift_kfir_c10_colombia_coupon/name;◡Kfir COA
gift_jp_battlecruiser_kirishima_coupon/name;Kirishima
item/gift_mb_151c1_skin_trophy;M.B.151C1 camouflage
item/gift_cn_t_80ud_478be_skin_trophy;Obj.478BE camouflage
item/gift_kfir_c10_colombia_skin_trophy;◡Kfir COA camouflage
item/gift_jp_battlecruiser_kirishima_skin_trophy;Kirishima camouflage
gift_cn_t_80ud_478be_tradable_coupon/name;Upgrade coupon for the Obj.478BE and 3 “Snow Globes”
gift_kfir_c10_colombia_tradable_coupon/name;Upgrade coupon for the ◡Kfir COA and 3 “Snow Globes”
gift_jp_battlecruiser_kirishima_tradable_coupon/name;Upgrade coupon for the Kirishima and 3 “Snow Globes”
get_winter_2025_trophy_visible/name;“Winter Tales” trophy
gift_winter_2025_decal_visible/name;Coupon for one of the “Winter Tales” decals
gift_snow_globe_visible/name;Snow Globe
item/gift_cardicon_trophy;The profile icon
gift_cardicon_trophy/desc;Get the profile icon for completing this task
item/gift_decor_nutcraker_trophy;“Nutcracker” decoration
item/gift_decor_hut_on_chicken_legs_trophy;“The Witch’s House” decoration
;
;
;
<01-2025>;
;
gift_uk_shir_2_coupon/name;The coupon for the Shir 2 (non-tradable)
gift_uk_shir_2_coupon/desc;Get the coupon for the Shir 2 (non-tradable) for completing this task.
gift_uk_shir_2_tradable_coupon/name;Upgrade coupon for the Shir 2
item/gift_2025_01_tank_decal_trophy;Special decal
gift_2025_01_tank_decal_trophy/desc;Get the “Snake” or the “Year of the Snake” decal for completing this task.
item/2025_01_tank_event_decor_trophy_gift;“Ouroboros” decoration
2025_01_tank_event_decor_trophy_gift/desc;Get the “Ouroboros” decoration for completing this task.
item/2025_01_tank_event_skin_trophy_gift;“Year of the Snake” camouflage for the Shir 2
2025_01_tank_event_skin_trophy_gift/desc;Get the “Year of the Snake” camouflage for the Shir 2
item/2025_01_tank_event_modifications_trophy_gift;Random modifications for the Shir 2
2025_01_tank_event_modifications_trophy_gift/desc;Get 4 random modifications for the Shir 2
;
;
;
<01-2025-AUS>;
;
2025_01_26_us_mk1_grant_bendigo/desc;Get the “Bendigo” camouflage for completing this task
2025_01_26_boomerang_mkii_grim_reaper/desc;Get the “The Grim Reaper” camouflage for completing this task
2025_01_26_wirraway_training_school/desc;Get the “Advanced Flying Training School” camouflage for completing this task
2025_01_26_pby-5a_raf_the_dabster/desc;Get the “The Dabster” camouflage for completing this task
2025_01_26_spitfire_ix_plagis_caldwell/desc;Get the “Clive Caldwell’s camouflage” for completing this task
2025_01_26_f-4ej_adtw_raaf_bomber/desc;Get the “F-4E Phantom II RAAF” camouflage for completing this task
2025_01_26_germ_leopard_I_a1_tempest/desc;Get the “Leopard AS1 Tempest” camouflage for completing this task
2025_01_26_australia_day_2025_decal/desc;Get the “Australia Day 2025” decal
item/title_per_ardua_ad_astra_gift;“Per Ardua Ad Astra” title and portrait “Corporal Skippy”
;
;
;
<02-2025>;
;
gift_f_5ag_norway_coupon/name;The coupon for the F-5A(G) (non-tradable)
gift_f_5ag_norway_coupon/desc;Get the coupon for the F-5A(G) (non-tradable) for completing this task.
gift_f_5ag_norway_tradable_coupon/name;Upgrade coupon for the F-5A(G)
item/gift_2025_02_aircraft_decal_trophy;Special decal
gift_2025_02_aircraft_decal_trophy/desc;Get the “Emblem of the Norwegian Air Force” or the “Emblem of the 332nd Squadron” decal for completing this task.
item/gift_2025_02_aircraft_silver_chest;Snake box
gift_2025_02_aircraft_silver_chest/desc;Get the “Snake box” for completing this task.
item/2025_02_no_336_sqn_emblem_decal_trophy_gift;“Emblem of the 336th Squadron” decal
2025_02_no_336_sqn_emblem_decal_trophy_gift/desc;Get the “Emblem of the 336th Squadron” decal for completing this task.
item/2025_02_aircraft_event_skin_trophy_gift;A unique “Tiger” camouflage for the F-5A(G)
2025_02_aircraft_event_skin_trophy_gift/desc;Get a unique “Tiger” camouflage for the F-5A(G) for completing this task.
item/2025_02_aircraft_event_modifications_trophy_gift;Random modifications for the F-5A(G)
2025_02_aircraft_event_modifications_trophy_gift/desc;Get 4 random modifications for the F-5A(G) for completing this task.
;
;
;
<04-2025-TGW>;
;
item/gift_2025_04_great_war_loading_screen_trophy_gift;“The Great War” loading screen
item/gift_2025_04_great_war_entente_units_trophy;Triple Entente Vehicles
item/gift_2025_04_great_war_german_decal_trophy;“Mephisto” decal
item/gift_2025_04_great_war_entente_decal_trophy;“Stormbreaker” decal
item/gift_2025_04_great_war_german_units_trophy;German Empire Vehicles
item/gift_2025_04_great_war_event_decor_trophy_gift;“Pickelhaube” decoration
item/gift_2025_04_great_war_entente_title_trophy;“Great War Veteran” title
gift_loading_screen_trophy/desc;Get the special loading screen for completing this task.
gift_great_war_unit_trophy/desc;Get a WWI vehicle for completing this task.
gift_decal_trophy/desc;Get the special decal for completing this task.
gift_decor_trophy/desc;Gett the special decoration for completing this task.
gift_title_trophy/desc;Get the special title for completing this task.
gift_avatar_trophy/desc;Get the special profile icon for completing this task.
;
german_empire_stage_1/name;German Empire Task 1
german_empire_stage_2/name;German Empire Task 2
german_empire_stage_3/name;German Empire Task 3
german_empire_stage_4/name;German Empire Task 4
german_empire_stage_5/name;German Empire Task 5
german_empire_stage_6/name;German Empire Task 6
;
entente_stage_1/name;Triple Entente Task 1
entente_stage_2/name;Triple Entente Task 2
entente_stage_3/name;Triple Entente Task 3
entente_stage_4/name;Triple Entente Task 4
entente_stage_5/name;Triple Entente Task 5
entente_stage_6/name;Triple Entente Task 6
;
country/triple_entente;Triple Entente
;
;
;
<04-2025>;
;
item/gift_2025_04_aircraft_decal_trophy;“Emblem of the 122nd Squadron” and “Emblem of the 192nd Squadron” decals
item/gift_2025_04_iaf_nevatim_emblem_decal_trophy_gift;“Emblem of Nevatim Airbase” decal
;
;
;
<BP Common>;
;
battlepass_season_8_challenge_14_3_rank/name;III Rank
battlepass_season_8_challenge_14_4_rank/name;IV Rank
battlepass_season_8_challenge_14_5_rank/name;V Rank
battlepass_season_8_challenge_14_6_rank/name;VI Rank
battlepass_season_8_challenge_14_7_rank/name;VII Rank
battlepass_season_8_challenge_14_8_rank/name;VIII Rank
;
;
;
<BP Seasons>;
;
battlePass/seasonName/1;75th Anniversary of the Great Victory
battlePass/seasonName/2;Steel Centurion
battlePass/seasonName/3;Strength Athletics
battlePass/seasonName/4;Fearless Voltigeur
battlePass/seasonName/5;River Hunter
battlePass/seasonName/6;Firepower
battlePass/seasonName/7;Armoured Elephant
battlePass/seasonName/8;Field Testing
battlePass/seasonName/9;Smell of Victory
battlePass/seasonName/10;Royal Guard
battlePass/seasonName/11;Her Majesty’s Hussar
battlePass/seasonName/12;Armour Breaking Ambusher
battlePass/seasonName/13;Tropical Storm
battlePass/seasonName/14;Airborne General
battlePass/seasonName/15;Northern King
battlePass/seasonName/16;Skilled Marksman
battlePass/seasonName/17;Guided Fury
battlePass/seasonName/18;The Last Legionnaire
battlePass/seasonName/19;First Sample
battlePass/seasonName/20;Flying Dragon
battlePass/seasonName/21;Brave Archer
battlePass/seasonName/22;The Elusive Musketeer
battlePass/seasonName/23;Apollo’s Chariot
battlePass/seasonName/24;Do It Yourself
;
;
;
<BP Challenge Names>;
;
challenge_kill_players/desc;Destroy 150 player vehicles
challenge_kill_players_on_army_type_units/desc;Destroy 7 player vehicles using each type of ground vehicle: Tank, Tank Destroyer, SPAA
challenge_play_missions_with_one_kill/desc;Play 75 missions while destroying at least one other player’s vehicle
challenge_get_score_in_different_game_mode/desc;Receive 10,000 Mission Score in each of the following game modes: Air Battle, Ground Battle, Naval Battles
challenge_kill_players_on_various_type_vehicles/desc;Destroy 3 player vehicles of each vehicle class: Aircraft, Helicopter, Ground Vehicle, Bluewater Fleet, Coastal Fleet
challenge_play_missions_on_fr_vehicles/desc;Play 35 missions on French vehicles
challenge_kill_players_with_3_8_ranks_vehicles/desc;Destroy 4 player vehicles each using vehicles of 4 different ranks
challenge_get_score_on_season_vehicles/desc;Receive 20000 Mission Score in battles where vehicles from the current Battle Pass season were used
challenge_play_missions_with_four_kills_and_captures/desc;Play 15 missions while destroying at least four player vehicles and capturing one point
challenge_kill_3_players_without_death_on_mbt/desc;Destroy 3 player vehicles without losing your own while using a medium tank/MBT 5 times
challenge_deal_naval_damage_on_boat/desc;Deal 30000 damage to ships using a coastal vessel
challenge_play_missions_while_first_place/desc;Play 25 missions while being ranked 1st in a team
challenge_receive_streaks/desc;Receive the 7 battle awards from the list
challenge_kill_players_using_tank_at_speed_30km/desc;Destroy 30 player vehicles using ground vehicles at a speed of at least 30 km/h
challenge_win_battles_with_one_kill/desc;Win 35 missions while destroying at least one other player’s vehicle
challenge_kill_players_with_stealth_belts/desc;Destroy 25 player vehicles using an ammunition belt without tracers
challenge_kill_3_players_without_death_on_light/desc;Destroy 3 player vehicles without losing your own while using a light tank 15 times
challenge_play_mission_on_it_vehicles/desc;Play 30 missions on Italian vehicles
challenge_kill_players_planes_with_35mm_air_cannon/desc;Destroy 15 air vehicles using aircraft offensive armament with a caliber of at least 35mm
challenge_kill_all_type_vehicles_on_fighter/desc;Destroy 5 player vehicles of each military branch while using a fighter
challenge_win_in_top3/desc;Win 30 missions while being in the Top 3 of your team
;
;
;
<BP S24>;
;
battlepass_season_24_challenge_1/name;An Unyielding Fighter
battlepass_season_24_challenge_2/name;Quick Victory
battlepass_season_24_challenge_3/name;Search for the Enemy
battlepass_season_24_challenge_4/name;Surprise Attack
battlepass_season_24_challenge_5/name;Elusive Flea
battlepass_season_24_challenge_6/name;Field Repair
battlepass_season_24_challenge_7/name;Elegant Style
battlepass_season_24_challenge_8/name;International Brigade
battlepass_season_24_challenge_9/name;Handyman
battlepass_season_24_challenge_10/name;Heavenly Hammer
battlepass_season_24_challenge_11/name;A Crushing Offensive
battlepass_season_24_challenge_12/name;Against All
battlepass_season_24_challenge_13/name;The Pinnacle of Mastery
battlepass_season_24_challenge_14/name;The Fastest
battlepass_season_24_challenge_all/name;Recognition of Merit
;
;
;
<Misc>;
;
nuclear_escalation;Nuclear Escalation
helicopter_pve_H2M;[PvE] Helicopter Battles
