<_Common_Lang>;
;
activityFeed/purchase_unit;{player} has purchased a {unitName} of rank {rank} ({country}).
activityFeed/purchase_unit/condensed;{player} has purchased {count} vehicles.
activityFeed/win_session;{player} has won a battle.
activityFeed/win_session/condensed;{player} has won {count} battles.
activityFeed/win_session_after_update;{player} won the first battle in update {version}
activityFeed/win_session_after_update/condensed;{player} won {count} battles in update {version}
activityFeed/major_update;War Thunder update {version} is live!
activityFeed/major_update/condensed;War Thunder update {version} is live!
activityFeed/clan_duel_reward;{player} has earned {gold} Golden Eagles and is in {place} place among other squadron members.
activityFeed/researched_unit;{player} has researched the {unitName} of rank {rank} ({country}).
activityFeed/researched_unit/condensed;{player} has researched {count} vehicles.
sony/scea;The purchase and use of in game items are subject to the Network Terms of Service and User Agreement. This online service has been sublicensed to you by Sony Interactive Entertainment America.
sony/scee;Any content purchased in an in-game store will be purchased from Sony Interactive Entertainment Network Europe Limited (“SIENE”) and be subject to PlayStation™Network Terms of Service and User Agreement which is available on the PlayStation™Store. Please check usage rights for each purchase as these may differ from item to item. Unless otherwise shown, content available in any in-game store has the same age rating as the game.
ps4/invitation/squad/name;Squad Invitation
ps4/invitation/squad/detail;Invitation to a squad in War Thunder.
ps4/invitation/gameStart/name;Invitation to play War Thunder
ps4/invitation/gameStart/detail;You have been invited to play War Thunder.
ps4/session/squad;My Squad.
;
;
;
<_Keyboard>;
;
key/RMB;RMB
key/LMB;LMB
key/MMB;MMB
key/M4B;MB4
key/M5B;MB5
key/MWUp;M.Wheel Up
key/MWDown;M.Wheel Down
key/Esc;Esc
key/Backspace;Backspace
key/Backspace/short;Bksp
key/Tab;Tab
key/Enter;Enter
key/Ctrl;Left Ctrl
key/Ctrl/short;LCtrl
key/Left Ctrl/short;LCtrl
key/Shift;Left Shift
key/Shift/short;LShift
key/Left Shift/short;LShift
key/Right_Shift;Right Shift
key/Right_Shift/short;RShift
key/Right Shift;Right Shift
key/Right Shift/short;RShift
key/Num_star;Num *
key/Alt;Alt
key/Space;Space
key/Caps_Lock;Caps Lock
key/Caps_Lock/short;CpLk
key/Caps Lock/short;CpLk
key/Num_Lock;Num Lock
key/Num_Lock/short;NmLk
key/Num Lock/short;NmLk
key/Scroll_Lock;Scroll Lock
key/Scroll_Lock/short;ScLk
key/Scroll Lock/short;ScLk
key/Num_7;Num7
key/Num_8;Num8
key/Num_9;Num9
key/Num_minus;Num-
key/Num_4;Num4
key/Num_5;Num5
key/Num_6;Num6
key/Num_plus;Num+
key/Num_1;Num1
key/Num_2;Num2
key/Num_3;Num3
key/Num_0;Num0
key/Num_Del;Num Del
key/Sys_Req;Sys Req
key/Num_Enter;Num Enter
key/Right_Ctrl;Right Ctrl
key/Right_Control;Right Ctrl
key/Right_Ctrl/short;RCtrl
key/Right Ctrl/short;RCtrl
key/Right_Control/short;RCtrl
key/Num_bar;Num /
key/Prnt_Scrn;Prnt Scrn
key/Prnt_Scrn/short;PrScr
key/Prnt Scrn/short;PrScr
key/Right_Alt;Right Alt
key/Right_Alt/short;RAlt
key/RightAlt/short;RAlt
key/Pause;Pause
key/Break;Break
key/Home;Home
key/Up;Up
key/Page_Up;Page Up
key/Page_Up/short;PgUp
key/Page Up/short;PgUp
key/Left;Left
key/Right;Right
key/End;End
key/Down;Down
key/Page_Down;Page Down
key/Page_Down/short;PgDn
key/Insert;Insert
key/Insert/short;Ins
key/Delete;Delete
key/Delete/short;Del
key/Left_Windows;Left Windows
key/Right_Windows;Right Windows
key/Application;Application
key/Button;Button
key/UMLAUT;Umlaut
key/Wheel;Mouse Wheel
keysPlus;+
keysScrollToBottom;┘
;
;
;
<_legal>;
;
eula_filename;lang/eula.txt
eula_version;12
;
;
;
<_missing>;
;
msg/also_remove_depended_weapon;"В выбранном слоте установлено {currentWeapon}, которое требуется для {dependWeapon} из слота {tierNum}.
{dependWeapon} будет удален из пресета после редактирования выбранного слота."
cluster/RU;RU
cluster/US;US
contacts/total;Всего контактов в группе: {contactsCount}/{contactsCountMax}
mainmenu/2step/getGP/reminder;Подтверждай вход одним нажатием на кнопку или через PUSH-уведомление с нашим официальным приложением для защиты аккаунта.\n\nПомимо усиленной защиты аккаунта в Gaijin Pass ты сможешь читать свежие новости из всех наших игр.
mainmenu/2step/getGP/whyNeed;Зачем нужен Gaijin Pass
mainmenu/2step/confirmGP;Подтвердите вход в приложении Gaijin Pass или введите код вручную
mainmenu/2step/getGP;Подключить Gaijin Pass
;
;
;
<_Online>;
;
order/colored_icon;<color=@userlogColoredText>▪</color>
check_mark/green;<color=@goodTextColor>✔</color>
yum/short;yum
yum/price_scale;
id_menu_title;title
id_full_title;title
url_login_host;store.gaijin.net
url/replenish;auto_local auto_login https://store.gaijin.net/replenishment.php?utm_source=wt_game&utm_medium=special
url/recovery;https://login.gaijin.net/en/sso/forgot
url/signUp;https://login.gaijin.net/fromgame?distr={distr}&project=warthunder
url/signUpSteam;http://warthunder.com/en/registration?r=steam
url/signUpShieldTV;http://warthunder.com/android
url/changeName;auto_local auto_login https://store.gaijin.net/user.php
url/faq; auto_local auto_login sso_service=any http://warthunder.com/en/game/faq/
url/support;auto_login sso_service=zendesk https://support.gaijin.net/hc/en-us
url/recharge;auto_local auto_login https://store.gaijin.net/catalog.php?category=GoldenEagles
url/knowledgebase;https://support.gaijin.net/hc/en-us/search?utf8=%E2%9C%93&query=
url/knowledgebase/Tencent;http://zzlt.gamebbs.qq.com/forum.php?
url/webstore;auto_local auto_login https://store.gaijin.net/catalog.php?category=WarThunderPacks&order=newest&utm_source=wt_game&utm_medium=special
url/webstore/steam;auto_local auto_login https://store.gaijin.net/catalog.php?category=WarThunderPacks&app_id=236390&steam_id=%s
url/webstore/steam/item;auto_local auto_login https://store.gaijin.net/steam.php?guid=%s&app_id=%d&steam_id=%s
url/steamstore/all;http://store.steampowered.com/search/?developer=Gaijin+Entertainment&term=War+Thunder
url/steamstore/campaigns;http://store.steampowered.com/app/244230/
url/steamstore/dlc;http://store.steampowered.com/dlc/236390/
url/steamstore/item;http://store.steampowered.com/app/%s/
url/serv_pick_tss;auto_login https://tss.warthunder.com/ban.php?refresh_token=1&public_key=guf2E8SStMPiaAlnUI7Z&port={port}&circuit={circuit}
url/tss_all_tournaments;auto_login http://tss.warthunder.com/index.php?action=current_tournaments
url/serv_replay;auto_local auto_login sso_service=any http://warthunder.com/en/tournament/replay/{roomId}
url/server_wt_game_replay;http://wt-game-replays.warthunder.com/{sessionId}/0000.wrpl
url/live/user_missions;auto_login http://live.warthunder.com/feed/missions/
url/ps4_reg_cb;auto_login http://warthunder.com/landing/success
url/ps4_bind_url;https://login.gaijin.net/psn/index
url/ps4_bind_redirect;https://login.gaijin.net/psn/psnCallback
url/steam_bind_url;https://login.gaijin.net/steam?token={token}&lang={langAbbreviation}
url/pc_bind_url;https://login.gaijin.net/{language}/guest?stoken={stoken}
url/webpoll_url;{base_url}/survey/{survey_id}/?lang=en&disposable_token={disposable_token}
url/support/easyanticheat;https://support.gaijin.net/hc/en-us/articles/360000024738
url/support/easyanticheat/kick_reasons;https://support.gaijin.net/hc/en-us/articles/360000024738#h_9022c48a-94a4-48d6-bdb4-c4c4197c4217
nda_filename;%lang/nda.txt
nda_version;-1
nda_version_tanks;-1
url/custom_purchase;
url/custom_purchase/eagles;
url/custom_purchase_shield_tv;http://warthunder.com/android_shop
url/custom_purchase_shield_tv/eagles;http://warthunder.com/android_shop
url/custom_purchase/unit;
url/2step/signInTroubles;https://support.gaijin.net/hc/en-us/articles/203623622-How-to-set-up-the-Two-Step-Authorization-Google-Authenticator-
url/2step/restoreProfile;https://login.gaijin.net/en/profile/restore/auth/
url/2step/codeApp;auto_local auto_login https://login.gaijin.net/code/login
customPurchaseLink/usa_pacific_41_43;auto_local auto_login https://store.gaijin.net/catalog.php?search=wt_pacific_campaigns
customPurchaseLink/jpn_pacific_41_43;auto_local auto_login https://store.gaijin.net/catalog.php?search=wt_pacific_campaigns
price/common;%s
price/eagles100;1.5
price/eagles150;1
price/eagles250;1.5
price/eagles500;3
price/eagles1000;6.6
price/eagles2000;10
price/eagles2500;16.5
price/eagles4000;23
price/eagles5000;25
price/eagles10000;50
price/eagles15000;72
price/eagles20000;95
price/eagles25000;114
price/eagles30000;140
price/pacific_41_43;19.99
price/usa_pacific_41_43_yuplay;11.99
price/jpn_pacific_41_43_yuplay;11.99
price/usa_pacific_41_43;11.99
price/jpn_pacific_41_43;11.99
price/wt_starter_tank_usa_2014;4.99
price/wt_advanced_tank_usa_2014;22.99
price/steam/eagles100;1.5
price/steam/eagles150;1
price/steam/eagles250;1.5
price/steam/eagles500;3.3
price/steam/eagles1000;6.6
price/steam/eagles2000;10
price/steam/eagles2500;16.5
price/steam/eagles4000;23
price/steam/eagles5000;33
price/steam/eagles10000;66
price/steam/eagles15000;99
price/steam/eagles20000;132
price/steam/eagles25000;165
default_cluster;EU
customPurchaseLink/ship_event_tiket_access;auto_local auto_login https://store.gaijin.net/catalog.php?search=wt_navy
customPurchaseLink/ship_event_access;auto_local auto_login https://store.gaijin.net/catalog.php?search=wt_navy
customPurchaseLink/wt_access_japan_tanks_unlocks;auto_local auto_login https://store.gaijin.net/catalog.php?search=japanese_tanks
customPurchaseLink/wt_access_italian_aircrafts_unlocks;auto_local auto_login https://store.gaijin.net/search.php?search=wt_italy
customPurchaseLink/wt_access_france_aircrafts_unlocks;auto_local auto_login https://store.gaijin.net/catalog.php?search=wt_france
customPurchaseLink/wt_access_france_tanks_unlocks;auto_local auto_login https://store.gaijin.net/search.php?search=wt_french_tanks
customPurchaseLink/helicopter_access;auto_local auto_login https://store.gaijin.net/search.php?search=wt_helicopters
customPurchaseLink/wt_access_britain_ships_unlocks;auto_local auto_login https://store.gaijin.net/catalog.php?search=wt_british_fleet
customPurchaseLink/wt_access_italy_tanks_unlocks;auto_local auto_login https://store.gaijin.net/catalog.php?search=wt_italian_tanks
customPurchaseLink/wt_access_japan_ships_unlocks;auto_local auto_login https://store.gaijin.net/catalog.php?search=wt_japanese_fleet
customPurchaseLink/wt_access_china_tanks_unlocks;auto_local auto_login https://store.gaijin.net/catalog.php?search=wt_chinese_tanks
customPurchaseLink/wt_access_china_aircrafts_unlocks;auto_local auto_login https://store.gaijin.net/catalog.php?search=wt_chinese_aircrafts
customPurchaseLink/wt_access_sweden_aircrafts_unlocks;auto_local auto_login https://store.gaijin.net/catalog.php?search=wt_swedish_aircrafts
customPurchaseLink/wt_access_sweden_tanks_unlocks;auto_local auto_login https://store.gaijin.net/catalog.php?search=wt_swedish_tanks
customPurchaseLink/wt_access_italy_ships_unlocks;auto_local auto_login https://store.gaijin.net/catalog.php?search=wt_italian_fleet
customPurchaseLink/wt_access_israel_aircrafts_unlocks;auto_local auto_login https://store.gaijin.net/catalog.php?search=wt_israeli_aircrafts
customPurchaseLink/wt_access_israel_tanks_unlocks;auto_local auto_login https://store.gaijin.net/catalog.php?search=wt_israeli_tanks
customPurchaseLink/wt_access_france_ships_unlocks;auto_local auto_login https://store.gaijin.net/catalog.php?search=wt_french_fleet
customPurchaseLink/wt_access_france_boats_unlocks;auto_local auto_login https://store.gaijin.net/story.php?id=13494
mainmenu/legal_text;© {currentYear} Gaijin Games
msgBox/viralAcquisition;http://warthunder.com/en/registration?r=userinvite_%s
sony/scea_en;Purchase and use of items are subject to the Network Terms of Service and User Agreement. This online service has been sublicensed to you by Sony Computer Entertainment America.
sony/scee_en;"Any content purchased in an in-game store will be purchased from Sony Network Entertainment Europe Limited (""SNEE"") and be subject to Sony Entertainment Network Terms of Service and User Agreement which is available on the PlayStation®Store. Please check usage rights for each purchase as these may differ from item to item. Unless otherwise shown, content available in any in-game store has the same age rating as the game."
texture_presets/country_flags;default
default_circuit;production2
url/wiki_objects;http://wiki.warthunder.com/objects/?game_id=%s
url/wiki;http://wiki.warthunder.com
url/wiki_matchmaker;http://wiki.warthunder.com/Matchmaker
url/wiki_battlepass;https://wiki.warthunder.com/Battle_Pass_Seasons
ps4/activityFeed/win_session/image_url_small;
ps4/activityFeed/win_session/image_url_large;
harmonizationSuffixes;
backgroundObject/hangar_flag_usa_dynmodel;hangar_flag_usa_dynmodel
backgroundObject/hangar_flag_usa_single_dynmodel;hangar_flag_usa_single_dynmodel
backgroundObject/hangar_flag_ussr_dynmodel;hangar_flag_ussr_dynmodel
backgroundObject/hangar_flag_ussr_single_dynmodel;hangar_flag_ussr_single_dynmodel
backgroundObject/hangar_flag_germany_dynmodel;hangar_flag_germany_dynmodel
backgroundObject/hangar_flag_germany_single_dynmodel;hangar_flag_germany_single_dynmodel
backgroundObject/hangar_flag_britain_dynmodel;hangar_flag_britain_dynmodel
backgroundObject/hangar_flag_britain_single_dynmodel;hangar_flag_britain_single_dynmodel
backgroundObject/hangar_flag_japan_dynmodel;hangar_flag_japan_dynmodel
backgroundObject/hangar_flag_japan_single_dynmodel;hangar_flag_japan_single_dynmodel
backgroundObject/hangar_flag_china_dynmodel;hangar_flag_china_dynmodel
backgroundObject/hangar_flag_china_single_dynmodel;hangar_flag_china_single_dynmodel
backgroundObject/hangar_flag_italian_dynmodel;hangar_flag_italian_dynmodel
backgroundObject/hangar_flag_italian_single_dynmodel;hangar_flag_italian_single_dynmodel
backgroundObject/hangar_flag_france_dynmodel;hangar_flag_france_dynmodel
backgroundObject/hangar_flag_france_single_dynmodel;hangar_flag_france_single_dynmodel
backgroundObject/hangar_flag_sweden_dynmodel;hangar_flag_sweden_dynmodel
backgroundObject/hangar_flag_sweden_single_dynmodel;hangar_flag_sweden_single_dynmodel
facebook/like_url;http://www.warthunder.com
profile/language/en;Language
language/English;English
language/Russian;Русский
language/French;Français
language/Italian;Italiano
language/German;Deutsch
language/Spanish;Español
language/Polish;Polski
language/Czech;Česky
language/Hungarian;Magyar
language/Serbian;Srpski
language/Belarusian;Беларуская
language/Ukrainian;Українська
language/Turkish;Türkçe
language/Chinese;简体中文
language/TChinese;繁體字
language/HChinese;简体中文
language/Korean;한국어
language/Japanese;日本語
language/Portuguese;Português
language/Vietnamese;Việt
language/Romanian;Română
yn1/have_new_content_lang/en;Voiceovers for selected language are not downloaded. Would you like to download them now?
msgbox/btn_download/en;Download
msgbox/btn_cancel/en;Cancel
password_mask_char;•
voiceMessageDefaultVoice;
warthunder_dmm_link;http://warthunder.dmm.com/linkaccount/
current_lang;en
url/tss;auto_login https://tss.warthunder.com
url/streamsAndReplays;auto_local auto_login sso_service=any http://warthunder.com/en/tournament/replay/
url/achievements;auto_local auto_login https://achievements.gaijin.net/?app={appId}&nick={name}
url/news;https://warthunder.com/en/game/changelog/
url/steam/community;https://steamcommunity.com/app/{appId}
url/reportAnIssue;auto_login https://community.gaijin.net/issues/p/warthunder/new_issue?f.platform={platform}&f.version={version}
url/eula;auto_local https://legal.gaijin.net
priceText/rub;{price} RUB
priceText/usd;{price} USD
priceText/eur;{price} EUR
priceText/jpy;{price} DP
priceText/dp;{price} DP
url/workshop/controls;https://live.warthunder.com/feed/controlss/?lang=en
url/steamBindingEmailInfoUrl;https://support.gaijin.net/hc/en-us/articles/209617049-Binding-a-Steam-account-to-your-e-mail-address
;
;
;
<Benchmark>;
;
title/bresults;Benchmark results
benchmark/avgfps;Average FPS
benchmark/minfps;Minimum FPS
benchmark/total;Rating
mainmenu/btnBenchmark;Benchmark
chapters/benchmark;Benchmark
chapters/benchmark/desc;These short 'Benchmarks' are a series of in-game tests designed to evaluate your system's performance based on your selected graphics options - a good way to optimize your settings before you head into battle.
multiplayer/benchmarkMode;Benchmark
missions/benchmark_plane_over_water;Ocean Flight
missions/benchmark_port_moresby_seashore;Seashore
missions/benchmark_ireland_rocks;St. Patrick's Island
missions/benchmark_berlin_on_fire;Battle of Berlin
missions/benchmark_tank_battle;Tank Battle
missions/benchmark_tank_battle_dynamic;Tank Battle (CPU)
missions/benchmark_poland_tank_still;Still Scene
missions/benchmark_destructions_and_tank_battle;Battle for the bridge
missions/benchmark_tank_battle_modern;Modern Conflict
;
;
;
<pc_UI Messages>;
;
pl1/check_profile;Checking the data...
pl1/save_profile;Saving the data...
pl1/check_network;Checking the network...
yn1/connecting_msg;Connecting to the server...
yn1/online_restricted_msg;Online service is disabled on your account due to parental control restrictions
yn1/chat_restricted_msg;Chat is disabled on your account due to chat restrictions
yn1/disconnection;You have been signed out of the server. Returning to the Main Menu.
yn1/error/80022B04;New update is available. Please update the game via the launcher.
yn1/error/80022B34;New update is available. Please update the game via the launcher.
yn1/error/80022B35;New update is available. Please update the game via the launcher.
yn1/error/8002233F;New update is available. Please update the game via the launcher.
yn1/error/80022B07;Game was not activated for your account.
yn1/error/8002A201;Server is unavailable. Please see server status on a warthunder.com.
yn1/error/8002A741;Server is under maintenance. We are updating our game and making it better. Please see server status on warthunder.com.
yn1/error/80022B0F;Unable to connect to the server.
yn1/error/80022323;"Server certificate verification error.
The system time may be set incorrectly."
yn1/error/8002233A;Connection to the server was lost.
yn1/error/80022322;The server has closed the connection.
yn1/error/8002AA0C;You are offline - sign in first
yn1/error/80130190;You are offline - sign in first
yn1/error/80022303;You are offline - sign in first
yn1/error/8002232C;You are offline - sign in first
yn1/error/80022332;You are offline - sign in first
yn1/error/8002A80C;Unable to connect to remote host
yn1/error/81110013;Failed to load player profile
yn1/error/81110015;Access denied as you are using an unregistered computer.
yn1/error/81110018;The game hasn't been activated for your account.
yn1/error/81110020;You have special rights. For such access you need to enable two-factor authentication.
yn1/error/6;This account has already been linked to another user
yn1/error/14;TenProxy.dll not found.
yn1/error/15;Tencent client not running.
yn1/error/16;Incorrect Google Authenticator code (or time settings on your Authenticator device)
yn1/error/PSN_RESTRICTED;You need PS Store for effecting the purchase.
yn1/login/PSN_RESTRICTED;Login for PSN players is temporarily disabled.
yn1/error/DMM_NOT_FOUND;"Your DMM account is not linked.
<url={link}>To do it follow the link.</url>"
yn1/login/DOI_INCOMPLETE;For further use of this account, you must complete its confirmation and follow the link that was sent to the specified E-mail.
pl1/no_space_msg;There is not enough available space in the Hard Disk Drive. To play the game, at least %d MB more space is required. Exit the game and obtain the necessary space.
pl1/install_trophy;Checking trophies...
pl1/creating;Creating a new profile...
pl1/no_owner_msg;Saved Data belongs to another user. You won't be able to save your progress or to unlock trophies.
pl1/scan_dlc;Checking downloadable content
yn1/connect_error;Connection error
yn1/connect_refused;Connection refused
yn1/joining_room_msg;Joining the game...
yn1/room_join_error;Unable to join the game session
yn1/creating_room_msg;Creating a game...
yn1/cannot_create_room_msg;Unable to create a game
yn1/create_room_error;Game creation error
yn1/searching_for_rooms_msg;Searching for games...
yn1/room_search_error;Search error
yn1/no_rooms_found;No game sessions found
pc/disconnecting;Disconnecting...
yn1/race_mode_filter/any;Any
yn1/games_list/race_mode_caption/all;All game modes
yn1/receiving_rankings;Receiving rankings
yn1/get_rankings_error;Rankings receive error
yn1/error/fmt;"{text}: {err_code}
{err_msg}"
yn1/error/80022B15;This game session is no longer available
yn1/error/80022B13;This game session is no longer available
yn1/error/8002230F;This game session is no longer available
yn1/error/8002232F;Action was manually cancelled
yn1/error/80022B19;Unable to join the current game session - too many players
yn1/error/80022B37;Chosen country not available
multiplayer/level;Level
yn1/invite/msg_subject;Invitation
yn1/invite/msg_body;Let's play together!
mainmenu/btnReceiveInvites;Invitations
mainmenu/btnGamerCard;Profile
pl1/installing;Installing game data to Hard Disk Drive, please wait...
pl1/askFlightStick;Would you like to choose layout settings specific to your controller?
options/controls_preset;Controller layout
controls/gamepad;Wireless Controller
guiHints/controls_preset;Choose controller layout settings.
pl1/lostController;No controllers found. Please attach a controller and press Ok.
yn1/getSessions;Searching...
yn1/error/80022B08;You're banned in this room
yn1/error/80022B30;Please try again later
yn1/error/8002A109;Action cancelled
yn1/error/8002AA01;Action is not allowed. Please try again.
yn1/error/80022306;Action is not allowed. Please try again.
yn1/error/8002232E;Action is not allowed
yn1/error/8002233C;Action timed out
yn1/error/8002232D;The server is unavailable.
yn1/error/80130182;The Authorization server is unavailable.
yn1/error/80130183;The username or password is incorrect. Please try again.
yn1/error/80130184;"Failed to estabilish secure connection (certificate check error).
Want to disable certificate check? This is insecure."
yn1/error/8111000E;"Your account has been frozen.
To unfreeze your account, please contact technical support:"
yn1/error/8111000F;Too many failed login attempts detected. You account has been temporary frozen. We've sent you an email describing how to unlock your account. If you haven't received the email, please visit support.gaijin.net
yn1/error/82220001;Net protocol version mismatch.
yn1/error/82220002;Connection to the server is lost. You will be returned to menu.
yn1/error/82222b43;You were disconnected from the game server.
yn1/error/82220003;Connection to the battle server was lost. You will be returned to menu.
yn1/error/82220004;Connection is lost. Check your internet connection.
yn1/error/82220005;This content is only available as an add-on. You will be returned to menu.
yn1/error/82220006;You don't have compatibility updates required to proceed to the game. You will be returned to menu.
yn1/error/82220007;ERRCODE_NET_ALREADY_CONNECTED
yn1/error/82220008;Room is full
yn1/error/82220009;ERRCODE_NET_CANNOT_ENTER_SESSION
yn1/error/8222000A;Disconnection due to periodical holdup
yn1/error/8222000B;Network initialization error. Client will be switched to win32 mode
msgbox/error_header;Error
msgbox/critical_error_header;Critical error
msgbox/internal_error_header;Internal error
msgbox/error_link_format;"Visit %s
for more information."
msgbox/error_link_format_game;More information
msgbox/read_article_for_help;Please read a useful article
error/unknown;Critical error. The game will be closed.
error/81110001;Shader version 3.0 is not supported.
error/81110002;Vertex textures are not supported.
error/81110003;24-bit textures are not supported.
error/81110004;Not enough available memory. Close other applications to free memory for the game.
error/81110005;Not enough video memory. Please use lower texture settings. Closing other applications (like web browsers for example) can also help to reduce videomemory footprint.
error/81110006;Graphics card driver D3Dex reset failed.
error/81110007;File read error. Try to repair the installation using the launcher.
error/81110008;Keyboard initialization error.
error/81110009;Mouse initialization error.
error/8111000A;Freeze detected.
error/8111000B;Videomode initialization error.
error/8111000C;File writing error. Please check your hard disk for free space.
error/81110019;Read error encountered when accessing user file created in War Thunder CDK.
error/bad_videocard;Some video options are not supported by your video card. If you have two video cards installed on your computer, try switching cards.
error/8111000D;Unable to recover the 3D device. Try updating/clean installing the video driver.
msgbox/breakpad_query;"Would you like to send error information to the developers?
Sending will take a few seconds. Please don't close the game during the sending process.
The information will be sent automatically after you press the [Yes] button."
msgbox/breakpad_delivery_failed;Message delivery failed.
msgbox/breakpad_delivery_ok;"Thank you for helping us making the game better!
Crash uuid is: %s"
msgbox/breakpad_delivery_report;Crash dump delivery report
save/replay/title;War Thunder
save/replay/subtitle;Replay Data
save/profile/title;War Thunder
save/profile/subtitle;Settings
mainmenu/btnControls;Controls
options/friends_only;Friends-Only Game
mainmenu/noOnlineWarning;You need to be connected to the server, in order to play missions with your friends, access Leaderboards and other network features.
yn1/waiting_for_game_query;Searching for a session. Please wait...
yn1/players_in_queue;Waiting for battle: %d
yn1/waiting_time;Waiting time
yn1/wait_for_session;Waiting for session
yn1/disconnection/ask;"You need to be connected to the server, in order to play missions with your friends, access Leaderboards and other network features.
You have been disconnected from the server. Would you like to reconnect?"
guiHints/friends_only;Only your friends will be allowed to join the session.
options/private_training;Private Match
yuplay_GUID;76FA6740-65DD-4A6A-99A8-F2A463C2739C
yn1/error/wrong_lang;This language is not supported
HUD_PRESS_A_CNT;PRESS TO CONTINUE
PRESS_TO_CONTINUE;Press to continue
ask2_buy_item_price_s;This content is available as an add-on. Would you like to purchase it for %0.2f yums?
HUD_MISSION_COMPLETE_HDR;Press to continue the session
ask_buy_item_price_s;This aircraft is available as an add-on. Would you like to purchase it for %0.2f yums?
buy_item_yuplay_url;http://store.gaijin.net/yuplay/show_item.php?guid=
options/private;Play With Friends
TXT_PRESS_A_TO_EXIT;PRESS TO EXIT TO MENU
replay/deleting;Deleting replay, please wait
guiHints/xchangeSticks;Swap gamepad sticks
guiHints/xchangeSticks_gunner;Swap gamepad sticks (turret)
options/xchangeSticks_gunner;Swap gamepad sticks (turret)
options/xchangeSticks;Swap gamepad sticks
HUD_MISSION_CONTINUED;Mission continued to complete secondary objective
mainmenu/btnLeaderboards;Leaderboards
mainmenu/leaderboard;Leaderboard
msgbox/notAvailbleInDemo;This feature is not available yet.
msgbox/errorSavingPreset;File writing error. Please check your hard disk for free space.
msgbox/errorLoadingPreset;File read error. Please check the file format.
charServer/checking;Updating online profile...
charServer/updateError;Update error
charServer/noEntitlement/PremiumAccount;You need a Premium Account to continue. Would you like to subscribe now?
msgbox/ending_premium_account;Your Premium Account is expiring. Would you like to replenish it now?
msgbox/ended_premium_account;Your Premium Account has expired. Would you like to subscribe now?
charServer/purchase;Processing purchase...
charServer/purchase0;Processing operation...
charServer/purchaseAsk;Are you sure?
charServer/noEntitlement/dynamic;"You can't play Dynamic Campaign any longer today. You need a Premium Account to have no daily restrictions. Would you like to subscribe now?
Price: "
charServer/send;Sending...
changeAircraftResult/1;Internal error
changeAircraftResult/2;Game session is finished
changeAircraftResult/3;Another game session
changeAircraftResult/4;Crew slot disabled
changeAircraftResult/5;No respawn base to start
changeAircraftResult/6;Crew is not ready
changeAircraftResult/7;You are disconnected
changeAircraftResult/8;Unable to start loading profile
changeAircraftResult/9;Profile loading error
changeAircraftResult/10;Vehicle repair error
changeAircraftResult/11;Not enough €
changeAircraftResult/12;Bad request
changeAircraftResult/13;No more respawns
changeAircraftResult/14;Vehicle of the chosen crew mismatches the vehicle available at mission start. You cannot take it.
changeAircraftResult/15;Mission error
charServer/updateError/1073741824;Internal error
charServer/updateError/536870912;Internal server error
charServer/updateError/268435456;Internal character server error
charServer/updateError/134217728;Server is unavailable. Please try again later.
charServer/updateError/67108864;Internal server error - no answer
charServer/updateError/1;Not enough €
charServer/updateError/2;Internal error - wrong name
charServer/updateError/3;Purchase error
charServer/updateError/4;You need higher rank in this country's Air Forces
charServer/updateError/5;Transaction error - item not purchased
charServer/updateError/6;Not enough ¤
charServer/updateError/33554432;Internal server error - incorrect answer
charServer/updateError/16777216;Operation interrupted. Game shutdown
charServer/updateError/7;Skill already capped
charServer/updateError/8;Not enough skill points
charServer/updateError/9;Not enough free skill points
charServer/updateError/10;This user is not a Squadron member candidate
charServer/updateError/11;You cannot do this: your rank in the Squadron is not high enough
charServer/updateError/12;You have applied for membership in this Squadron already
charServer/updateError/13;Specified Squadron does not exist
charServer/updateError/14;Specified Squadron name already exists
charServer/updateError/15;Specified Squadron tag already exists
charServer/updateError/16;Invalid Squadron name
charServer/updateError/17;Invalid Squadron tag
charServer/updateError/18;Invalid Squadron slogan
charServer/updateError/19;Invalid Squadron description
charServer/updateError/20;Action is not available for your grade
charServer/updateError/21;Not a Squadron member
charServer/updateError/22;You are in the Squadron's black list
charServer/updateError/23;Already Squadron member
charServer/updateError/24;Squadron is full
charServer/updateError/25;Sole commander can't leave his own Squadron
charServer/updateError/26;Only one Squadron membership application allowed
charServer/updateError/27;Invalid comment
charServer/updateError/28;Squadron is closed for new members
charServer/updateError/29;You cannot disband a Squadron with other commanders in it
charServer/updateError/30;You are applying for Squadron membership too often
charServer/updateError/31;Only one Deputy is allowed
charServer/updateError/32;Commander's rank cannot be lowered when there's no Deputy in the Squadron
charServer/updateError/33;You do not meet the membership requirements of the Squadron
charServer/updateError/34;Invalid squadron region
charServer/updateError/35;Too frequent updates of squadron region
charServer/updateError/36;Invalid squadron announcement
charServer/updateError/50;Leaderboard is recalculating now
charServer/updateError/51;You cannot purchase more
charServer/updateError/52;You cannot change vehicle for locked crew
charServer/updateError/53;You cannot change title
charServer/updateError/60;Vehicle is damaged. Сhange of modifications is only possible for fully repaired vehicles.
charServer/updateError/62;Complaint limit exceeded
charServer/updateError/63;Access denied - you are banned
charServer/updateError/64;This nickname has been used already
charServer/updateError/65;Wrong nickname provided
charServer/updateError/66;Nickname has invalid length
charServer/updateError/67;Nickname contains unallowed characters: %s
charServer/updateError/68;Nickname is dirty
charServer/updateError/70;Crew is already available
charServer/updateError/72;Access denied.
charServer/updateError/74;The server is under maintenance. We are updating the game and making it better. Please check the server status on warthunder.com.
charServer/updateError/75;New update is available. Please update the game via the launcher.
charServer/updateError/76;A limit has been reached for this type of items.
charServer/updateError/78;Regretfully, inactive user's profile is not available for viewing.
charServer/updateError/81;You cannot buy this item because the current shop has expired
charServer/updateError/83;The displayed price in Silver Lions is different from the server price. Restart the client and try again.
charServer/updateError/84;The displayed price in Golden Eagles is different from the server price. Restart the client and try again.
charServer/updateError/82;Your squadron is already in the queue
charServer/updateError/100;You already have this item in the game
charServer/updateError/101;The item is not available
charServer/updateError/102;Not enough items
charServer/updateError/103;You have already received all possible items.
charServer/notAvailableYet;This item is currently unavailable
charServer/loggingIn;Logging in, please wait...
charServer/loggingInError;Authorization error, please try again.
charServer/question/128;Not enough funds on your account. Would you like to replenish it now?
charServer/needRankFmt;You need at least level %d to play in this mode
charServer/needAirRankFmt;You need at least one vehicle of rank {tier} or higher in country: {country}
charServer/needUnlock;To unlock this mission, you need:
presets/custom;Custom controls
presets/gamepad;Xbox Controller
presets/gamepad_AC6style;Xbox Controller (Alternate)
presets/default;Xbox Controller, keyboard and mouse
presets/pc_defender_cobra_m5;Keyboard + Defender Cobra M5
presets/pc_ravcore_javelin;Ravcore Javelin
presets/pc_vkb_gladiator_fcs;VKBsim Gladiator
presets/ch_combatstick_throttle_pedals;CH Combatstick, Throttle and Pedals
presets/ch_fighterstick_throttle_pedals;CH Fighterstick, Throttle and Pedals
presets/ch_flightstick_throttle_pedals;CH Flightstick, Throttle and Pedals
presets/ch_yoke_quadrant_pedals;CH Yoke, Quadrant and Pedals
presets/ch_yoke_throttle_pedals;CH Yoke, Throttle and Pedals
presets/logitech_attack3;Logitech Attack 3
presets/logitech_extreme3D_pro;Logitech Extreme 3D Pro
presets/logitech_g940;Logitech G940
presets/saitek_av8r_02;Saitek AV8R-02
presets/saitek_X52;Saitek X52
presets/saitek_X52_pro;Saitek X52 Pro
presets/saitek_X55;Saitek X55
presets/fragFx_FragChuck;FragFX FragChuck
presets/hori_hpc_045u;HORI HPC-045U HOTAS Flight Control System & Mount
presets/speedlink_blackWidow;"Speed Link ""Black Widow"""
presets/speedlink_darkTornado;"Speed Link ""Dark Tornado"""
presets/thrustmaster_cougar;Thrustmaster® Cougar
presets/thrustmaster_hotasX;Thrustmaster® Hotas X
presets/thrustmaster_hotas4_PC;Thrustmaster® T.Flight Hotas 4
presets/thrustmaster_hotas4_PC_pedals;Thrustmaster® T.Flight Hotas 4 + Pedals
presets/xboxone_thrustmaster_hotas_one;Thrustmaster® T.Flight Hotas One
presets/xboxone_thrustmaster_hotas_one_pedals;Thrustmaster® T.Flight Hotas One + Pedals
presets/thrustmaster_stickX;Thrustmaster® Stick X
presets/thrustmaster_t16000m;Thrustmaster® T16000m
presets/thrustmaster_warthog;Thrustmaster® Warthog
presets/thrustmaster_warthog_ps4;Thrustmaster® Warthog
presets/empty;Clear all
presets/saitek_evo_force;Saitek Evo Force
presets/pc_defender_cobra_m5_gametrix_ecs;Defender Cobra M5 + Gametrix Engine Control System
presets/logitech_force3D_pro;Logitech Force 3D Pro
presets/keyboard_shooter;Keyboard and mouse only (simple) old ver.0
presets/keyboard_shooter_ver1;Keyboard and mouse only (simple) old ver.1
presets/steamdeck_ma;Default Pointer Aim
presets/steamdeck_simulator;Default Simplified Aim
presets/keyboard_shooter_ver1/patchnote;"Tank repair function moved to the <color=@userlogColoredText>F</color> button (was on the <color=@userlogColoredText>U</color> button)
X-Ray function moved to the <color=@userlogColoredText>Y</color> button (was on the <color=@userlogColoredText>O</color> button)
Tank Sniper Mode moved to the <color=@userlogColoredText>Shift</color> button (was on the <color=@userlogColoredText>V</color> button)
Target camera (aviation) moved to the <color=@userlogColoredText>Shift</color> button (was on the <color=@userlogColoredText>Alt</color> button)
Show Mouse Cursor in battle was set up to the <color=@userlogColoredText>Alt</color> button

You can always change your controls preset to the previous one in the Control Settings menu"
presets/keyboard_shooter_ver2/patchnote;"Target camera assigned to the <color=@userlogColoredText>RMB</color> button (wasn't there before)
Zoom function removed from the <color=@userlogColoredText>RMB</color> button

You can always change your controls preset to the previous one in the Control Settings menu"
presets/keyboard_shooter_ver3/patchnote;"Crew member position change assigned to the <color=@userlogColoredText>G</color> button (Tanks only) (wasn't there before)

You can always change your controls preset to the previous one in the Control Settings menu"
presets/keyboard_ver1/patchnote;"Target camera assigned to the <color=@userlogColoredText>RMB</color> button (wasn't there before)
Zoom function removed from the <color=@userlogColoredText>RMB</color> button

You can always change your controls preset to the previous one in the Control Settings menu"
presets/keyboard_ver2/patchnote;"Crew member position change assigned to the <color=@userlogColoredText>G</color> button (Tanks only) (wasn't there before)

You can always change your controls preset to the previous one in the Control Settings menu"
presets/dualshock4_ver1/patchnote;"Target camera assigned to the <color=@userlogColoredText>L2</color> button (wasn't there before)

You can always change your controls preset to the previous one in the Control Settings menu"
presets/pc_xinput_ver1/patchnote;"Target camera assigned to the <color=@userlogColoredText>LT</color> button (wasn't there before)

You can always change your controls preset to the previous one in the Control Settings menu"
presets/keyboard;Keyboard and mouse only (advanced), old ver.0
presets/pc_xinput;Xbox Controller, keyboard and mouse, old ver.0
presets/ps4/keyboard_ver1;Mouse + Keyboard
presets/ps4/keyboard;Mouse + Keyboard, old ver.0
presets/ps4/thrustmaster_hotas4;Thrustmaster® T.Flight Hotas 4
presets/ps4/thrustmaster_hotas4_pedals;Thrustmaster® T.Flight Hotas 4 + Pedals
presets/xboxone/thrustmaster_hotasOne;Thrustmaster® T.Flight Hotas One
presets/keyboard_shooter_ver0;Keyboard and mouse only (simple) old ver.0
presets/keyboard_shooter_ver2;Keyboard and mouse only (simple)
presets/keyboard_ver1;Keyboard and mouse only (advanced)
presets/pc_xinput_ver1;Xbox Controller, keyboard and mouse, old ver.1
presets/pc_xinput_ver2;Xbox Controller, keyboard and mouse
presets/pc_xinput_ma;Xbox Controller, keyboard and mouse (mouse aim), old ver.0
presets/pc_xinput_ma_ver1;Xbox Controller, keyboard and mouse (mouse aim)
presets/ps4/dualshock4;Simplified, old ver.0
presets/ps4/dualshock4_ver1;Simplified, old ver.1
presets/ps4/dualshock4_ver2;Simplified
presets/keyboard_mouse_joystick;Keyboard and mouse joystick
presets/tegra4_gamepad;Wireless controller Nvidia® Shield™
presets/xboxone_ma;Simplified
presets/xboxone_simulator;Simulator
charServer/complaintsLimitExpired;You have already complained %d times in the last 6 hours.
charServer/complaintToYou;Other players have complained about you %d times. Complaint reasons:
charServer/complaintToYouMoreThen;Other players have complained about you more than %d times. Complaint reasons:
charServer/ban/reason/FOUL;Foul Language
charServer/ban/reason/ABUSE;Abuse
charServer/ban/reason/HATE;Hate speech
charServer/ban/reason/CHEAT;Unsporting behaviour
charServer/ban/reason/EAC_AUTO_BAN;Unsporting behaviour
charServer/ban/reason/BOT;Passive behaviour
charServer/ban/reason/BOT2;Bot (automation of the gameplay)
charServer/ban/reason/SPAM;Chat Spamming
charServer/ban/reason/TEAMKILL;Teamkiller
charServer/ban/reason/OTHER;Other
charServer/ban/reason/INGAME;Disruptive behavior or discussion
charServer/penalty/SILENT_DEVOICE;Silence
charServer/penalty/DEVOICE;Mute
charServer/penalty/BAN;Ban
charServer/ban/permanent;You don't have permission to access the game
charServer/ban/timed;You don't have permission to access the game for %s
charServer/ban/timeLeft;(Time left: %s)
charServer/mute/permanent;You don't have permission to post in the game chat
charServer/mutedecal/permanent;You don't have permission to post in the game chat, and your decals will be invisible to other players.
charServer/mute/timed;You don't have permission to post in the game chat for %s
charServer/mutedecal/timed;You don't have permission to post in the game chat for %s, and your decals will be invisible to other players.
charServer/ban/reason;Reason
charServer/ban/comment;Moderator's Comment:
charServer/web_purchase;After the Purchase button is pressed, the game will be minimized, and your browser will automatically open to the page with the selected item.
charServer/web_recharge;After the Ok button is pressed, the game will be minimized, and your browser will automatically open to the recharge page.
charServer/btn/web_recharge;Recharge
charServer/btn/refresh_balance;Refresh balance
charServer/decal/permanent;Decals will not be visible to other players.
charServer/decal/timed;Decals will not be visible to other players during %s
launcher/update;"Attention! You've started the game directly, so the game's version may be outdated.
Would you like to run launcher to check updates?"
launcher/update_header;Error
msgbox/win32_warning;32-bit version of the game is not supported.
msgbox/win32_warning_header;Warning
video/ati_aa;"Antialiasing is enabled in the Catalyst Control Center. This may cause graphic artifacts.
Would you like to continue?"
video/ati_aa_hdr;Antialiasing
video/ati_crossfire;"CrossFireX is enabled in the Catalyst Control Center. This may cause graphic artifacts.
Do you wish to continue?"
video/ati_crossfire_hdr;CrossFireX
video/device_hung;"Your video card driver returned the error code %08X.
The GPU temperature is %d'C. Do you wish to continue?"
video/device_hung_hdr;Video card is not responding.
video/less512;Less than 512Mb of video memory was detected. The game will run with 'medium' texture quality.
video/more512;More than 512Mb of video memory is required for 'ultra high' texture quality. Would you like to reduce the texture quality to 'high'?
video/header512;Info
video/settings_adjusted_ultralow;"The video settings were set to ""ultralow"" due to your videocard capabilities"
video/settings_adjusted;The video settings were adjusted for your video memory size. If you use several video cards, make sure you chose a high-performance video card for launching the game.
video/settings_adjusted_hdr;Info
video/bad_dll_fxaa;"- this software may cause a crash or graphics corruption.
Would you like to continue?"
video/bad_dll_iz3d;You use the iZ3D driver. This may cause a crash. Would you like to continue?
video/bad_dll_hdr;Attention!
video/outdated_driver;You use an outdated driver. This may cause errors. Please update your driver version.
video/outdated_driver_hdr;Error
video/linux_gl3;Performance with some Linux configurations may be reduced
video/linux_gl3_hdr;Error
video/steam_is_not_supported_continue_with_metal;You have run the game on the fast and new Metal driver, which does not support the Steam уet. Would you like to continue? Press 'No' if you want to return to the OpenGL driver.
video/steam_is_not_supported_continue_with_metal_header;Important warning!
video/steam_is_not_supported_on_metal;You have run the game on the fast and new Metal driver, which does not support the Steam уet. You may return to the OpenGL driver using the Launcher.
video/steam_is_not_supported_on_metal_header;Warning
video/unstable_driver;You use an unstable driver. This may cause errors. Please install the latest stable version or roll back to the default system driver.
video/unstable_driver_hdr;Error
video/resolution_overlarge;Requested video resolution does not fit on the screen. It is too large. Are you sure?
video/resolution_overlarge_hdr;Attention!
video/window_mode_bad_support;The current driver has a poor support for the windowed mode. Please restart the game in fullscreen mode or update your driver version.
video/window_mode_bad_support_hdr;Error
video/oculus_not_connected;Stereo device is not recognized. Please check the connection.
video/oculus_not_connected_header;Error
video/incompatible_mac;"Metal is not available for your Mac or your macOS.
War Thunder doesn't support OpenGL anymore and requires Metal support"
wait/ugm;Loading user missions
wait/ugm_download;Downloading mission
wait/ugm_download_failed;Mission download failed
wait/ugm_not_valid;"Loaded mission has invalid data: 
{errorText}"
wait/ugm_failed;Connection Failed
wait/missionDownload;Downloading mission {name}: {progress}%
msgbox/noContent;You don't have compatibility updates required to proceed to the game. You will be returned to menu.
msgbox/not_downloaded;Some files required to proceed to the game haven't been downloaded yet. Please use Launcher to download.
msgbox/not_downloaded_header;Missing file
window_header;War Thunder
rp_idle;Idle
rp_menu;
rp_benchmark;Benchmark
rp_hangar;Hangar
rp_replay;Replay
rp_credits;Credits
rp_testflight;Test Flight
rp_testdrive;Test Drive
rp_testsail;Test Sail
rp_versus;In battle
rp_tournament;In battle
rp_event;In battle
rp_mission;In battle
rp_dynamic;In battle
rp_campaign;In battle
rp_coop;In battle
rp_dyncoop;In battle
rp_missioneditor;In battle
rp_coopeditor;In battle
rp_loading;Loading
rp_queue;Waiting for game
steam/ask_dlc_activate;Do you wish to activate your Steam purchases for this War Thunder account?
steam/dlc_activated_error;"Your Steam purchases have already been activated for another War Thunder account.
If you think it's an error, please contact the customer support."
steam/authorization_error;"Steam authorization error occurred.
You will be switched to the standard authorization window."
steam/ask_verify_content;File read error. Verify game files using Steam on next run?
TVStreaming/Error1;TwitchTV initialization error
TVStreaming/Error2;TwitchTV authorization error
TVStreaming/Error3;TwitchTV video recording error
TVStreaming/Error4;Unsupported video size
TVStreaming/D3DError;DirectX error
TVStreaming/Initializing;TwitchTV starting
TVStreaming/Streaming;REC
TVStreaming/Paused;Pause
TVStreaming/Error;TwitchTV error
msgbox/please_wait;Please wait...
presets/ps4/default;Simulator, old ver.0
presets/ps4/default_ver1;Simulator
msgbox/ps4/parentalLock;This feature is disabled for your account.
msgbox/appearError;An error occurred
msgbox/noChosenPlayer;To send an invitation, choose a player from the list.
msgbox/offlinePlayer;The player you want to invite to the Squad is currently offline.
msgbox/btn_restart;Restart
pc/gui_updated;Game data was successfully updated. You will be returned to the login screen.
msgbox/dx11failed;Your video card does not support DirectX 11.
msgbox/dx9used; There will be used DirectX 9.
msgbox/dx9_xp;The game is running on Windows XP/DirectX 9, and can have stability and performance issues. Windows XP/DirectX 9 is not officially supported.
msgbox/opengl_xp;The game is running on Windows XP with OpenGL and can have stability and performance issues. Windows XP is not officially supported.
msgbox/os_compatibility;The game is running in Windows compatibility mode and can have stability and performance issues.
msgbox/dx9_gpu;The game is running on videocard without DirectX 10 or higher hardware support, and can have stability and performance issues. It is not officially supported.
yn1/have_new_content;New content is available. Want to download it now?
yn1/have_new_content_lang;Voiceovers for selected language are not downloaded. Would you like to download them now?
yn1/have_new_crews_content_lang;Available multilingual voices crews talks. Would you like to download them now?
package/pkg_main;Full-scale textures for tanks, planes and ships, aircraft cockpits, and additional sound effects.
package/hc_pacific;Historical Campaign video
package/pkg_ships;Ship models and textures
package/pkg_ships/short;Ships
msgbox/no_package;"%s
 pack hasn't been downloaded yet. Want to download it now?"
msgbox/no_package/continue;"%s
 pack hasn't been downloaded yet. Continue?"
msgbox/no_package/info;"%s
 pack hasn't been downloaded yet."
msgbox/ask_package_download;"Would you like to download 
%s
 now?"
msgbox/members_no_package;"{members} haven't downloaded pack:
{package}"
locatedInPackage;Located in package {package}
circuit/production;RU
circuit/production2;EU + US
yn1/error/E;Your profile has been deleted. If it was done by mistake, please contact the customer support at support.gaijin.net. Please indicate details of the account you use to log in.
yn1/error/90000001;Internal error
yn1/error/90000002;Server hostname resolving error
yn1/error/90000003;Internal character server error
yn1/error/90000004;Client files are corrupt, please use the launcher for consistency check
YU2/error/NOMONEY;Insufficient funds on your online wallet
YU2/error/NEED_2STEP;Two-step authentication is not enabled on your account
browser/error_load_url;Error loading page
browser/error_code;Error code
browser/error_should_resend_data;Confirm form resubmission
browser/error_cant_download;Use external browser to download files
browser/open_external;Open in external browser
browser/purchase_url_not_found;Could not get URL for the purchase
browser/crashed;Embedded browser encountered an error. Please try opening the page in an external browser.
gblk/saveError/title;Error while saving settings
gblk/saveError/text/0;Could not open file for writing: {path}
gblk/saveError/text/1;Could not write to file {path}
gblk/saveError/text/2;Could not create folder: {path}
gblk/saveError/copy;Copy
video/integrated_gpu_selected;Integrated GPU selected. Switch to discrete GPU for better performance.
replayTrack/usingLinerInterpolation;Linear interpolation
replayTrack/usingSplineInterpolation;Spline interpolation
replayTrack/keyframeAdded;Keyframe added. Тotal keyframes:
replayTrack/keyframesCleared;All keyframes have been removed
replayTrack/keyframeRemoved;Last keyframe has been removed. Тotal keyframes:
replayTrack/replayIsNotPlaying;Error: Replay is not playing now
replayTrack/noKeyframesFound;Error: No keyframes found in cameraPositions.blk
replayTrack/blkNotFound;Error: cameraPositions.blk not found
replayVersionMsg/caption;Playback error
replayVersionMsg/fmt;Incompatible version: %d, supported version is %d
updater/downloading;Downloading additional content
updater/dspeed/b;B/s
updater/dspeed/kb;Kb/s
updater/dspeed/mb;Mb/s
updater/dspeed/gb;Gb/s
updater/error/0;Unknown error
updater/error/1;Unknown error
updater/error/2;Network error
updater/error/3;Disk I/O error
updater/error/4;Disk I/O error
updater/error/5;Unknown error
updater/error/6;Unknown error
updater/error/7;Disk I/O error
updater/error/8;Network error
updater/error/9;Network error
updater/error/10;Disk I/O error
updater/error/11;Disk I/O error
updater/error/12;Network error
charServer/entitlement/ship_event_tiket_access;one of the Naval pack
input/rawinput_not_available;There was error during keyboard or mouse raw input initialization. This can be caused by firewall or antivirus software, virtualization or by some other software or malware. It is highly recommended to setup exceptions in firewall settings for War Thunder if exists. Raw input make input more responsive, more stable and allows more robust keyboard shortcuts, otherwise input can be unstable, unresponsive or not working correctly. Do you want to continue with raw input disabled?
input/rawinput_not_available_hdr;Keyboard or mouse initialization error
highlights/death;Moment of death
highlights/kill;Enemy destruction moment
highlights/kill_of_ally_player;The moment of destruction of the player-ally
highlights/destroy_of_ally_minibase;The moment of destruction of the enemy bot
highlights/destroy_of_ally_airfield;The moment of destruction of the allied mini base
highlights/destroy_of_enemy_minibase;The moment of annihilation of the allied aerodrome
highlights/destroy_of_enemy_airfield;The moment of destruction of the enemy's mini base
highlights/capture_zone;The moment of capture of the zone
steam/login/linkQuestion;"If you <color=@goodTextColor>already have</color> a Gaijin.net account,
please log in with it now <color=@goodTextColor>to link</color> it with your Steam account and <color=@goodTextColor>keep</color> existing game progress.
If you already used Steam login option before, just use it now as well.
If this is the first launch of the Game, then by clicking Steam Login a new account will be created.

If you have questions or problems contact our technical support"
steam/login/linkQuestion/noLink;"If you <color=@goodTextColor>already have</color> a Gaijin.net account,
please log in with it now.
If you already used Steam login option before, just use it now as well.
If this is the first launch of the Game, then by clicking Steam Login a new account will be created.

If you have questions or problems contact our technical support"
msgbox/hdr_failed;HDR initialization failed. The output display is not in a HDR mode.
inventoryError/INVENTORY_TARGET_ITEM_IS_EXPIRED;Item {itemName} has expired
inventoryError/INVENTORY_TARGET_ITEM_CANT_BE_EARNED;You have already received all possible items.
inventoryError/INVENTORY_RECIPE_NOT_FOUND;Recipe not found
inventoryError/INVENTORY_NOT_ENOUGH_ITEMS;Not enough items
inventoryError/INVENTORY_INVALID_QUANTITY;Not enough items
video/compatibility_disabled;This version of the game temporarily does not work in compatibility mode with older video cards
video/windowsxp_not_supported;Windows XP is not supported.
userstat/missingDataMsg;Server is unavailable. Please try again later or contact our technical support
msgbox/no_enough_free_memory;"Not enough free RAM to run the game!
Close other applications (browser, mail, documents, etc.) and start the game again."
BLACKLISTED;You are blocked
msgbox/error_login_migrated_player_profile;"Profile moved to another region.
Sign in through the game client for your region."
;
;
;
<Matching>;
;
matching/OPERATION_NOT_SUPPORTED;Operation not supported.
matching/SERVER_ERROR_INTERNAL;Internal server error.
matching/SERVER_ERROR_PEER_NOT_EXISTS;Player not found.
matching/SERVER_ERROR_REQUEST_TIMEOUT;Operation timed out.
matching/SERVER_ERROR_PEER_LOGOUT;Connection to the player was lost.
matching/SERVER_ERROR_PROTOCOL_MISMATCH;A new update is available! Please update the game via the launcher.
matching/SERVER_ERROR_INVALID_VERSION;A new update is available! Please update the game via the launcher.
matching/SERVER_ERROR_PEER_AUTH_FAILED;Account authorization failed.
matching/SERVER_ERROR_MAINTENANCE;Server Maintenance - we are currently in the process of introducing various updates and improvements, this should not take too long - you can keep up to date on the status of the server on warthunder.com.
matching/SERVER_ERROR_ACCESS_DENIED;Account authorization failed.
matching/SERVER_ERROR_PLAYER_BANNED;Your account has been blocked.
matching/SERVER_ERROR_BAD_REQUEST;Request error.
matching/SERVER_ERROR_ROOM_NOT_FOUND;Session not found.
matching/SERVER_ERROR_ROOM_OPERATION_DENIED;Operation denied.
matching/SERVER_ERROR_ROOM_MAX_OPS;Maximum number of room creators reached.
matching/SERVER_ERROR_ROOM_PASSWORD_MISMATCH;Incorrect password.
matching/SERVER_ERROR_ROOM_FULL;The session is full.
matching/SERVER_ERROR_ROOM_INVALID_SIZE;Session size error.
matching/SERVER_ERROR_ROOM_BANNED;You are banned from this session.
matching/SERVER_ERROR_ROOM_NOT_BANNED;Player is not banned.
matching/SERVER_ERROR_ROOM_BLACKLIST_FULL;Failed to add the player to the room blacklist.
matching/SERVER_ERROR_ROOM_ACCESS_DENIED;You are not a member of this session.
matching/SERVER_ERROR_ALREADY_IN_ROOM;You have already joined this session.
matching/SERVER_ERROR_ALREADY_LOGGED;Your account is currently logged in on another device. If this wasn't you, please contact our support team.
matching/SERVER_ERROR_MEMBER_NOT_FOUND;Player not found.
matching/SERVER_ERROR_REQUEST_REJECTED;Operation rejected by the server.
matching/SERVER_ERROR_ALREADY_IN_QUEUE;You are already in the queue.
matching/SERVER_ERROR_NOT_IN_QUEUE;You are not in the queue.
matching/SERVER_ERROR_MODE_CHANGED;The game mode has been changed.
matching/SERVER_ERROR_NOT_IN_ROOM;Player is not in the session.
matching/SERVER_ERROR_MISSION_NOT_FOUND;Mission not found.
matching/SERVER_ERROR_NO_FREE_HOSTS;All battle servers are busy.
matching/SERVER_ERROR_NOT_SQUAD_LEADER;You must be a squad leader to perform this operation.
matching/SERVER_ERROR_SQUAD_NOT_READY;Not all squad members are ready.
matching/ALREADY_IN_SQUAD;This player is already part of the squad.
matching/NOT_SQUAD_LEADER;You must be a squad leader to perform this operation.
matching/NOT_SQUAD_MEMBER;You must be a squad member to perform this operation.
matching/NO_SQUAD;Squad does not exist
matching/SQUAD_FULL;Squad is full
matching/SQUAD_NOT_INVITED;Player doesn't have any invitations to the squad
matching/SQUAD_LEADER_OFFLINE;Squad leader is offline
matching/SERVER_ERROR_MEMBER_OFFLINE;Squad member logged out.
matching/SERVER_ERROR_BAD_MODE_NAME;Game mode error.
matching/SERVER_ERROR_BUSY;Server is busy. Try again later.
matching/SERVER_ERROR_PEERS_LIMIT_REACHED;Server is busy. Try again later.
matching/SERVER_ERROR_MODE_UNAVAILABLE;The selected game mode is currently unavailable.
matching/CLIENT_ERROR_ROOM_INVITE_REJECT;Session invite was rejected.
matching/CLIENT_ERROR_OFFLINE;Connection interrupted - please sign in again.
matching/HOST_ERROR_NOT_READY;Internal host error.
matching/HOST_ERROR_BAD_MISSION;Incompatible mission parameters.
matching/HOST_ERROR_CHAR_REQ_FAILED;Internal host error.
matching/HOST_ERROR_ROOM_CREATE_FAILED;Internal host error.
matching/CLIENT_ERROR_CONNECTION_CLOSED;Connection to the server was lost.
matching/CLIENT_ERROR_FAILED_TO_CONNECT;Unable to connect to the server.
matching/SERVER_ERROR_FORCE_DISCONNECT;The server has closed the connection.
matching/AUTH_WRONG_LOGIN;Incorrect login or password
matching/AUTH_SERVER_NOT_AVAILABLE;The authorization server is unavailable.
matching/AUTH_FROZEN;Your account has been frozen. Please visit support.gaijin.net
matching/AUTH_NOT_LOGGED;You are offline - sign in first.
matching/LOBBY_LOBBY_IS_ABANDONED;Game session has finished.
matching/LOBBY_TEAM_IS_FULL;Selected team is full.
matching/<unknown_error>;Internal server error.
matching/msg_kicked;You have been kicked from the battle.
matching/SERVER_ERROR_SQUAD_TOO_LARGE;Your squad is too large for the selected game mode.
matching/SERVER_ERROR_WRONG_COUNTRY;The selected country is not available in this game mode.
matching/SERVER_ERROR_NOT_IN_CLAN;All squad members must be part of the same squadron to take part.
matching/SERVER_ERROR_NO_CRAFTS_TO_PLAY;You have no available vehicles for this game mode.
matching/SERVER_ERROR_WRONG_TEAM;The chosen team is not available.
matching/SERVER_ERROR_LOBBY_DISBALANCED;You cannot join this team, please select another one.
matching/SERVER_ERROR_LOBBY_TEAM_NOT_CHOSEN;Please select a team to play on.
matching/WW_OPERATION_NOT_FOUND;Operation not found
matching/WW_BATTLE_NOT_FOUND;Battle not found
matching/WW_SQUAD_MEMBER_IN_SESSION;Squad member has already joined the session
matching/WW_NO_CRAFTS_TO_PLAY;There are no available units for this battle
matching/LOBBY_TEAM_NOT_CHOSEN;Please select a team to play on.
matching/LOBBY_WRONG_TEAM;The selected team is not available.
matching/LOBBY_TEAM_IS_LOCKED;The selected team is locked during this session.
matching/LOBBY_HOST_ALREADY_IN_ROOM;The session has already started.
matching/LOBBY_LOBBY_IS_DISBALANCED;You cannot join this team, please select another one.
matching/MATCH_SESSION_IS_NOT_AVAILABLE;Session not found.
matching/MATCH_EMPTY_GAME_MODES_LIST;Game mode not found.
matching/MATCH_WRONG_CLAN;You cannot join this team while players from your squadron are on the opposite team.
matching/MATCH_RECONNECT_NOT_ALLOWED;You cannot reconnect to this match.
matching/MATCH_MRANKS_CHECK_FAILED;None of the available vehicles in your lineup have the required battle rating for this match.
matching/MATCH_RANKS_CHECK_FAILED;None of the available vehicles in your lineup have the required rank for this match.
matching/MATCH_TEAM_IS_DISBALANCED;Unable to join the battle for this team. There are not enough players in the opposing team.
matching/MATCH_TEAM_IS_FULL;Unable to join the battle for this team. It has already reached the maximum number of players.
matching/MATCH_ALREADY_PLAYED_IN_OTHER_TEAM;Unable to join the battle for this team. You have already participated in this battle for the opposing team.
matching/MATCH_NO_CRAFTS_AVAILABLE;You need at least one vehicle in your crew slots that can be used in this battle before you are able to join it.
matching/MATCH_CROSSPLAY_SQUAD_NOT_ALLOWED;You cannot join this battle while in a squad with players on other platforms.
