<Code>;<Translation>;
;;
exp_reasons/kill;Aircraft Destroyed;- Aircraft Kill Message
exp_reasons/kill_by_crash;Aircraft Maneuver Kill;- Aircraft Kill From Crashing
exp_reasons/kill_helicopter;Helicopter Destroyed;- Helicopter Kill Message
exp_reasons/kill_helicopter_by_crash;Helicopter Maneuver Kill;- Helicopter Kill From Crashing
exp_reasons/kill_ucav;UAV Destroyed;- Drone Kill Message
exp_reasons/kill_ucav_by_crash;UAV Maneuver Kill;- Drone Kill From Crashing
exp_reasons/kill_gm;Ground Target Destroyed;- Tank and Ship Kill Message
exp_reasons/kill_human;Target Neutralized;- Infantry Kill Message
;;
exp_reasons/severe_damage;Severe Damage;- Severe Damage Message
exp_reasons/kill_from_severe_damage;Severely Damaged Kill Counted;- Severe Damage Kill Counted To You (Fixed Wing)
exp_reasons/kill_finishing_other;Aircraft Finished Off;
exp_reasons/kill_helicopter_from_severe_damage;Severely Damaged Kill Counted;- Severe Damage Kill Counted To You (Helicopter)
exp_reasons/kill_helicopter_finishing_other;Helicopter Finished Off;
;;
exp_reasons/assist;Enemy Kill Assist;- Kill Assist
;;
exp_reasons/ineffective_hit;Target Undamaged;- Non-Pen
exp_reasons/hit;Hit;- Hit
exp_reasons/critical_hit;Critical Hit;- Critical Hit
;;
exp_reasons/scout;Target Scouted;- Target Successfully Scouted
exp_reasons/scout_critical_hit;Scout Target Damaged;- Scout Target Took Damage
exp_reasons/scout_kill;Scout Target Destroyed (By Allied Unit);- Scout Target Killed By Friendly
exp_reasons/scout_kill_unknown;Scout Target Destroyed;- Scout Target Killed (Unknown Origin)
;;
exp_reasons/missile_evade;Missile Evaded;- Successfully Evaded a Missile
