<Code>;<Translation>
;
<Icons>;
;
warpoints/short;€
warpoints/short/colored;<color=@currencyWpColor>€</color>
gold/short;¤
gold/short/colored;<color=@currencyGoldColor>¤</color>
experience/short;▉
currency/researchPoints/sign;▉
currency/researchPoints/sign/colored;<color=@currencyRpColor>▉</color>
currency/freeResearchPoints/sign;▉
currency/freeResearchPoints/sign/colored;<color=@currencyFreeRpColor>▉</color>
currency/skillPoints/sign;▆
currency/skillPoints/sign/colored;<color=@white>▆</color>
currency/warbond;<color=#dcc868>£</color>
currency/warbond/blue;<color=#699dcd>£</color>
currency/warbond/red;<color=#cc6145>£</color>
currency/warbond/green;<color=#88bc56>£</color>
currency/chinese_yuan;{amount}元
currency/gc/sign;⋬
currency/gc/sign/colored;<color=@currencyGCColor>⋬</color>
currency/squadronActivity;┉
currency/squadronActivity/colored;<color=@currencySapColor>┉</color>
icon/mpstats/football_goals;⋨
icon/mpstats/football_assists;●
icon/mpstats/football_saves;⋧
hud/iconRevenge;▊
hud/iconOrderTarget;▋
hud/iconOrderRevenge;▌
hud/iconAircraftEvent;▍
hud/iconRepair;▨
hud/iconHealing;⌈
hud/iconBinocular;⌂
hud/iconBrokenShield;◒
hud/radarEmitting;╎
icon/orderScore;▂
icon/orderSymbol;▪
icon/timer;▩
icon/hourglass;▫
icon/infinity;∞
icon/web_poll;┋
icon/summation;∑
icon/search;⌡
icon/mpstats/score;▂
icon/mpstats/kills;▭
icon/mpstats/ufoKills;▄
icon/mpstats/groundKills;▮
icon/mpstats/suitKills;▊
icon/mpstats/navalDamage;⋩
icon/mpstats/navalKills;┚
icon/mpstats/aiKills;▰
icon/mpstats/aiGroundKills;▯
icon/mpstats/aiNavalKills;┙
icon/mpstats/aiTotalKills;␢
icon/mpstats/assists;▱
icon/mpstats/deaths;▴
icon/mpstats/captureZone;△
icon/mpstats/damageZone;▲
icon/mpstats/rowNo;#
icon/mpstats/raceLastCheckpoint;▵
icon/mpstats/raceLastCheckpointTime;▶
icon/mpstats/raceLap;▷
icon/mpstats/raceBestLapTime;▸
icon/mpstats/raceFinishTime;▹
icon/hud_msg_mp_dmg/kill_a_a;▥
icon/hud_msg_mp_dmg/kill_a_t;▥
icon/hud_msg_mp_dmg/kill_a_s;▥
icon/hud_msg_mp_dmg/kill_t_a;▦
icon/hud_msg_mp_dmg/kill_t_t;▦
icon/hud_msg_mp_dmg/kill_t_s;▦
icon/hud_msg_mp_dmg/kill_s_a;▤
icon/hud_msg_mp_dmg/kill_s_t;▤
icon/hud_msg_mp_dmg/kill_s_s;▤
icon/hud_msg_mp_dmg/kill_zone;≁
icon/hud_msg_mp_dmg/killed_by_worm;▼
icon/hud_msg_mp_dmg/killed_by_burav;◑
icon/hud_msg_mp_dmg/crash_a;■
icon/hud_msg_mp_dmg/crash_t;▕
icon/hud_msg_mp_dmg/crash_s;▕
icon/hud_msg_mp_dmg/severe_damage;⋟
icon/hud_msg_mp_dmg/crit;░
icon/hud_msg_mp_dmg/burn;▐
icon/hud_msg_mp_dmg/exit;␡
icon/hud_msg_mp_dmg/torpedo;⌋
icon/hud_msg_mp_dmg/mine;⋄
icon/hud_msg_mp_dmg/depth_bomb;⌊
icon/hud_msg_mp_dmg/bomb;▢
icon/hud_msg_mp_dmg/bullet;▥
icon/hud_msg_mp_dmg/shell;▦
icon/hud_msg_mp_dmg/rocket;▣
icon/hud_msg_mp_dmg/artillery;┗
icon/hud_msg_mp_dmg/air_defense;▤
icon/unitclass/assault;┞
icon/unitclass/bomber;┠
icon/unitclass/heavy_bomber;┢
icon/unitclass/fighter;┤
icon/unitclass/fighter_assault;┦
icon/unitclass/attack_helicopter;⊦
icon/unitclass/utility_helicopter;⊦
icon/unitclass/heavy_tank;┨
icon/unitclass/light_tank;┪
icon/unitclass/medium_tank;┬
icon/unitclass/spaa;┰
icon/unitclass/tank_destroyer;┴
icon/unitclass/ship;┮
icon/unitclass/gun_boat;␉
icon/unitclass/heavy_gun_boat;␊
icon/unitclass/naval_ferry_barge;␋
icon/unitclass/destroyer;␌
icon/unitclass/light_cruiser;␎
icon/unitclass/cruiser;␏
icon/unitclass/battlecruiser;␐
icon/unitclass/battleship;␑
icon/unitclass/submarine;␒
icon/unitclass/ufo;┞
icon/unitclass/suit;╅
icon/unittype/aircraft;▭
icon/unittype/tank;▮
icon/unittype/boat;⋛
icon/unittype/ship;┚
icon/unittype/helicopter;⋡
icon/tutorial;╵
icon/battleTasks;╴
icon/events;╳
icon/news;╲
icon/spare;╢
icon/universalSpare;<color=@universalSpareColor>╢</color>
icon/chest;╪
icon/chest2;⋦
icon/info;┌
icon/dice/transparent;⋰
icon/dice/dark;⋱
icon/xmas_tree;⋮
icon/cross_play;⋭
icon/worldWar;╫
icon/worldWar/colored;<color=@worldWarIconColor>╫</color>
icon/star;┐
icon/star/white;<color=@white>┐</color>
icon/gear;⋥
icon/gear_broken;⋟
icon/arrowUp;→
icon/arrowDown;←
icon/arrowRight;↓
icon/psn;⋊
icon/xbox;⋉
icon/steam;⋈
icon/pc;⋆
icon/tv;⋇
icon/nuclear_bomb;☢
icon/cup;␙
;
;
;
;
;
<Countries>;
;
country_usa;USA
country_usa_modern;USA
;
country_germany;Germany
country_gdr;GDR
country_germany_modern;Germany
country_germany_empire_navy;German Empire
country_germany_weimar_republic;Weimar Republic
;
country_ussr;USSR
country_russia;Russia
country_russia_empire_navy;Russian Empire
;
country_britain;United Kingdom
country_britain_empire_navy;British Empire
;
country_japan;Japan
country_japan_modern;Japan
;
country_china;China
country_republic_china;Republic of China
;
country_italy;Italy
country_italy_kingdom;Kingdom of Italy
;
country_france;France
;
country_sweden;Sweden
;
country_israel;Israel
;
;
country_usa/short;US
country_germany/short;DE
country_ussr/short;SU
country_britain/short;GB
country_japan/short;JP
country_china/short;CN
country_italy/short;IT
country_france/short;FR
country_sweden/short;SE
country_israel/short;IL
;
;
;
country_argentina;Argentina
country_australia;Australia
country_austria;Austria
country_bangladesh;Bangladesh
country_belgium;Belgium
country_brazil;Brazil
country_bulgaria;Bulgaria
country_canada;Canada
country_canada_modern;Canada
country_colombia;Colombia
country_cuba;Cuba
country_czech;Czech Republic
country_denmark;Denmark
country_egypt;Egypt
country_finland;Finland
country_greece;Greece
country_greece_modern;Greece
country_hungary;Hungary
country_hungary_modern;Hungary
country_india;India
country_iran;Iran
country_iraq;Iraq
country_ireland;Ireland
country_jordan;Jordan
country_kazakhstan;Kazakhstan
country_kuwait;Kuwait
country_lithuania;Lithuania
country_netherlands;Netherlands
country_new_zealand;New Zealand
country_norway;Norway
country_oman;Oman
country_pakistan;Pakistan
country_north_korea;People’s Republic of Korea
country_philippines;Philippines
country_poland;Poland
country_portugal;Portugal
country_south_korea;Republic of Korea
country_romania;Romania
country_saudi_arabia;Saudi Arabia
country_slovakia;Slovakia
country_south_africa;South Africa
country_south_africa_modern;South Africa
country_spain;Spain
country_switzerland;Switzerland
country_syria;Syria
country_thailand;Thailand
country_turkey;Türkiye
country_vietnam;Vietnam
country_yugoslavia;Yugoslavia
;
;
;
;
country_korea;Test
country_pkg6;Ponyland
