;
title/title;Title
title/clear_title;Clear title
title/empty_title;Choose title
title/no_titles;No titles to choose
title/all_titles;All titles
title/title_rammer;Rammer
title_rammer/desc;Collide with 66 aircraft.
title/title_cannon_fodder;Cannon Fodder
title_cannon_fodder/desc;Have your aircraft destroyed by enemy fire 666 times.
title/title_inapproachable;Unapproachable
title_inapproachable/desc;Shoot down 1,000 enemy aircraft with aircraft defensive gunners.
title/title_champion;Champion
title_champion/desc;Win 1000 missions with 50% activity or higher
title/title_conqueror;Conqueror
title_conqueror/desc;WIn 4000 missions with 50% activity or higher
title/title_nine_lived;Nine Lives
title_nine_lived/desc;Land and repair a critically damaged aircraft 9 times.
title/title_disguise_expert;Master of Disguise
title_disguise_expert/desc;Unlock the indicated quantity of camouflages
title/title_virtual_pilot;Virtual Pilot
title_virtual_pilot/desc;Win 200 simulator battles with an activity of 50% or higher.
title/title_explorer;Explorer
title_explorer/desc;
title/title_brother_of_the_brush;Brother of the Brush
title_brother_of_the_brush/desc;Paint a plane
title/title_fine_art_expert;Fine Art Expert
title_fine_art_expert/desc;Unlock the indicated quantity of decals.
title/title_anarchist;Blaster
title_anarchist/desc;Destroy 100 air vehicles with unguided rockets.
title/title_elite_commander;Elite Commander
title_elite_commander/desc;"Achieve the ""Elite Squadron"""
title/title_jet_powered;Jet-Powered
title_jet_powered/desc;Obtain an aircraft of maximum rank.
title/title_superior;Superior
title_superior/desc;Win 200 missions while topping the scoreboard.
title/title_research_pilot;Research Pilot
title_research_pilot/desc;
title/title_chief_research_pilot;Senior Research Pilot
title_chief_research_pilot/desc;
title/title_aircraft_designer;Flight Model Designer
title_aircraft_designer/desc;
title/title_master_aircraft_designer;Senior Flight Model Designer
title_master_aircraft_designer/desc;
title/title_game_master;Game Master
title_game_master/desc;
title/title_forum_moderator;Forum Moderator
title_forum_moderator/desc;
title/title_chat_moderator;Chat Moderator
title_chat_moderator/desc;
title/title_community_manager;Community Manager
title/title_air_master_4x4;Combat master 4x4
title_community_manager/desc;
title/title_alpha_tester;Alpha Tester
title_alpha_tester/desc;
title/title_helper;Forum Helper
title_helper/desc;
title/title_alpha_test_veteran;Alpha Test Veteran
title_alpha_test_veteran/desc;
title/title_hero_of_stalingrad;Hero of Stalingrad
title_hero_of_stalingrad/desc;
title/title_hero_of_dover;Hero of Dover
title_hero_of_dover/desc;
title/title_hero_of_midway;Hero of Midway
title_hero_of_midway/desc;
title/title_developer;Developer
title_developer/desc;
title/title_promising_pilot;Pilot
title_promising_pilot/desc;Destroy 100 air vehicles in fighters.
title/title_experienced_pilot;Fighter
title_experienced_pilot/desc;Destroy 5,000 air vehicles in fighters.
title/title_flying_ace;Ace
title_flying_ace/desc;Destroy 10,000 air vehicles in fighters.
title/title_god_of_war;God of War
title_god_of_war/desc;Destroy 100,000 player vehicles.
title/title_hornet;Demolition Man
title_hornet/desc;Bomb 1,000 ground targets in bombers and attackers.
title/title_demolition_man;Destroyer
title_demolition_man/desc;Bomb 4,000 ground targets in bombers and attackers.
title/title_annihiltator;Thunderer
title_annihiltator/desc;Bomb 7,000 ground targets in bombers and attackers.
title/title_sea_raider;Sea hunter
title_sea_raider/desc;Destroy 500 ships using a torpedo.
title/title_kraken;Sea dog
title_kraken/desc;Destroy 3,000 ships using a torpedo.
title/title_chameleon;Chameleon
title_chameleon/desc;Unlock the indicated quantity of camouflages
title/title_virtual_ace;Virtual Ace
title_virtual_ace/desc;Win 2,000 simulator battles with 50% activity.
title/title_aaa;Anti-Aircraft
title_aaa/desc;Destroy 100 aircraft using ground vehicles.
title/title_tank;Tankman
title_tank/desc;Destroy 100 ground vehicles.
title/title_tank_experienced;Armored Officer
title_tank_experienced/desc;Destroy 5,000 ground vehicles.
title/title_tank_destroyer;Tank Destroyer
title_tank_destroyer/desc;Destroy 10,000 ground vehicles.
title/title_tanks_pioneer;Tank Pioneer
title_tanks_pioneer/desc;Bonus for purchasing both the A-34 and M4(a)
title/title_t34_test_engineer;T-34 Test Engineer
title_t34_test_engineer/desc;Bonus for pre-ordering the A-34
title/title_sherman_capturer;Sherman Hunter
title_sherman_capturer/desc;Bonus for pre-ordering the M4(a)
title/title_greasemonkey;Greasemonkey
title_greasemonkey/desc;Win 500 missions in ground vehicles in simulator mode.
title/title_first_on_the_track;First on the Track
title_first_on_the_track/desc;For participation in War Thunder ground forces CBT
title/title_hero_of_kursk;Hero of Kursk
title_hero_of_kursk/desc;Win 200 missions in ground vehicles on Kursk
title/title_pyromaniac;Pyromaniac
title_pyromaniac/desc;Set 1,000 enemy vehicles on fire in ground battles.
title/title_superhero;Superhero
title_superhero/desc;Achieve the maximum level of all the specified Challenges with Battle Awards
title/title_topracer;Top Racer
title_topracer/desc;Can be received by winners of Air Races and Air Racing contests.
title/title_footballer;Footballer
title_footballer/desc;
title/title_2v2_duelist;2v2 Duelist
title_2v2_duelist/desc;
title/title_tank_universiade;Universiade Fighter
title_tank_universiade/desc;For participation in Moscow open WT games
title/title_1v1_duelist;1v1 Duelist
title/title_1v1_master;1v1 Master-duelist
title/title_1v1_hero;Duelist-hero
title/title_wings_of_victory;Wings of Victory
title/title_normandy_ace;Normandy Ace
title/title_gladiators4v4;Gladiators 4v4
title_gladiators4v4/desc;
title/title_beeline;Bzzzzzzz
title/title_council_member;Council Member
title_council_member/desc;
title/title_suggestion_helper;Suggestion Moderator
title_suggestion_helper/desc;
title/title_community_helper;Community Helper
title_community_helper/desc;
title/title_target_for_tonight;Target for Tonight
title_target_for_tonight/desc;Be a target in the “Target for Tonight” event series.
title/title_live_moderator;Live Moderator
title_live_moderator/desc;
title/title_steam_moderator;Steam Moderator
title_steam_moderator/desc;
title/title_gaijin_administrator;Gaijin Administrator
title_gaijin_administrator/desc;
title/title_wiki_team;Wiki Team
title_wiki_team/desc;
title/title_national_coordinator;National Coordinator
title_national_coordinator/desc;
title/title_technical_moderator;Technical Moderator
title_technical_moderator/desc;
title/title_author;Author
title_title_author/desc;
title/title_china_cbt_hero;CBT Hero
title_title_china_cbt_hero/desc;
title/title_china_cbt_elite;CBT Elite
title_title_china_cbt_elite/desc;
title/title_cavalier_legion_of_honour;Chevalier of the Legion of Honour
title_cavalier_legion_of_honour/desc;Defeat 15,000 players playing France (RB: x2, SB: x3)
title/title_cavalier_liberation;Cavalier of the Order of Liberation
title_cavalier_liberation/desc;Defeat 20,000 players playing France (RB: x2, SB: x3
title/title_chevalier_of_france;Chevalier of the Order of Merit of France
title_chevalier_of_france/desc;Finish 5,000 missions (RB: x2, SB: x3) while playing France and being top 3 on the scoreboard.
title/title_reconstructor;Re-Enactor
title_reconstructor/desc;Will be given to active players who organised and supported user created events dedicated to the histrorical battles.
title/title_2v2_master;2v2 Master-Duelist
title/title_vk_quiz_expert_16;War Thunder Mastermind
title_vk_quiz_expert_16/desc;"Title is awarded for participation in the FB quiz.
More information on our official page http://www.facebook.com/WarThunder"
title/title_guardian;Royal Guard
title/title_guardian/desc;British ground forces tester.
title/title_russian_bias;Master of Russian Bias
title_russian_bias/desc;Given out during April Fools 2016 for destroying 50 enemies with Soviet vehicles of Rank IV-V. Or for owning T-34-100, T-44-122, and Yak-3 (VK-107).
title/title_defender_realm;Defender of the Realm
title_defender_realm/desc;Complete 3 tasks with British or German vehicles.
title/title_steel_legion;Steel Legion
title_steel_legion/desc;
title/title_iron_warrior;Iron Warrior
title_iron_warrior/desc;
title/title_gladiators_2x2;Gladiators 2x2
title_gladiators_2x2/desc;
title/title_one_for_all;One for All
title/enlisted;Enlisted
title_one_for_all/desc;
title/title_brother_in_arms;Brother in Arms
title_brother_in_arms/desc;"All War Thunder players will find a new title in their profile.

Joined the game in 2016 or earlier"
title_brother_in_arms_char/name;Joined the game in 2016 or earlier
title/title_combat_proven;Combat Proven
title_combat_proven/desc;"All War Thunder players will find a new title in their profile.

Joined the game in 2015 or earlier"
title_combat_proven_char/name;Joined the game in 2015 or earlier
title/title_faithful_warrior;Faithful Warrior
title_faithful_warrior/desc;"All War Thunder players will find a new title in their profile.

Joined the game in 2014 or earlier"
title_faithful_warrior_char/name;Joined the game in 2014 or earlier
title/title_the_old_guard;The Old Guard
title_the_old_guard/desc;"All War Thunder players will find a new title in their profile.

Joined the game in 2013 or earlier"
title_the_old_guard_char/name;Joined the game in 2013 or earlier
title/title_golden_legion;Golden Legion
title/title_flaming_arrow;Flaming Arrow
title/title_panfilov;Panfilov's Guardsman
title/title_soviet_tanker;Soviet Tank Expert
title/title_german_tanker;German Tank Expert
title/title_american_tanker;American Tanks Expert
title/title_british_tanker;British Tank Expert
title/title_japanese_tanker;Japanese Tank Expert
title/title_youtube_cup_champion;YouTube Cup Champion
title/title_firefront;Fire Front
title/title_victorious;Victorious
title/tl_fan_dislike;Dislike Team Fan
title/tl_fan_arcade;Arcade eSports Fan
title/tl_fan_verve;Verve Team Fan
title/thunder_league;Thunder League
title/thunder_league_stormer;Stormer
title/title_superheavy;Superheavy
title/title_teutonic_giant;Teutonic Giant
title/mustache_general;Moustached
title/title_incinerator;Incinerator
title/title_creating_the_game;Creating the Game
title/title_rocketman;Rocketman
title/title_five_minutes_of_fame;Five Minutes of Fame
title/title_vengeance_from_above;Vengeance From Above
title/title_baptized_by_fire;Baptized by Fire
title/title_stiff_upperlipped;Stiff Upperlipped
title/title_fangs_of_steel;Fangs of Steel
title/title_die_hard;Die Hard
title/title_horrendous;Horrendous
title/title_daredevil;Daredevil
title/title_follow_me;Follow me, comrades!
title/title_thick_skinned;Thick-Skinned
title/title_quiz_mastermind;War Thunder Mastermind
title/title_slasher;Slasher
title/title_the_battle_hero;The Battle Hero
title/title_impetuous;Impetuous
title/title_loyal;Loyal
title/title_merciless;Merciless
title/title_triple_ace;Triple Ace
title/title_terminator;Terminator
title/title_gallant;Gallant
title/title_possessed;Possessed
title/title_diavolo_rosso;Diavolo Rosso
title/title_hero_colosseum;Hero of the Colosseum
title/title_perfectionist;Perfectionist
perfectionist_air_check/name;Lighting Up the Christmas Tree (aircraft)
perfectionist_tank_check/name;Lighting Up the Christmas Tree (tank)
title/title_im_here_to_stay;I'm here to stay
title/title_his_majestys_finest;His Majesty's Finest
title/title_swordfish;Swordfish
title/title_steel_general;Steel General
title/title_sea_robber;Sea Robber
title/title_swimming_with_sharks;Swimming with Sharks
title/title_triumphant;Triumphant
title/title_armor_of_victory;Armor of Victory
title/title_sea_kraken;Kraken
title/title_revolutionary;Revolutionary
title/title_football_fan;Football Fan
title/title_top_scorer;First Striker
title/title_strike_witcher;Strike Witcher
title/title_elite_strike_witcher;Elite Strike Witcher
title/title_dark_strike_witcher;Dark Strike Witcher
title/title_sky_piercing_strike_witcher;Sky Piercing Strike Witcher
title/title_grasping;Grasping
title/title_disco_tanker;Disco Tanker
title/title_first_to_fight;First to Fight
title/title_hot_headed;Hot-Headed
title/title_red_falcon;Red Falcon
title/title_teammate;Teammate
title/title_content_partner;Under the Wire
title/title_wall_breaker;Wall Breaker
title/title_vigilant;Vigilant
title/title_ship_cbt;Sea Master
title/title_down;Down!
title/title_victory_marshal;Victory Marshal
title/title_the_eternal_tank;The Eternal Tank
title/title_true_action_hero;True Action Hero
title/title_adamant_fortress;Adamant Fortress
title/title_loongs_awakening;Loong's Awakening
title/title_top_secret;Top Secret
title/title_wings_that_protect;Wings that Protect
title/title_saber_toothed;Saber-Toothed
title/title_1v1_racer;1v1 Racer
title/title_aerial_supremacy;Aerial Supremacy
title_aerial_supremacy/desc;Air Superiority FINAL Tournament Winner
title/title_air_superiority_contender;Air Superiority Contender
title_air_superiority_contender/desc;Air Superiority FINAL Tournament contender
title/title_air_superiority_2024;Air Superiority 2024 Champion
title_air_superiority_2024/desc;Air Superiority FINAL 2024 Tournament Winner
title/title_armored_apex_2024;Armored Apex 2024 Champion
title_armored_apex_2024/desc;Armored Apex 2024 Tournament Winner
title/title_fighter_superiority;Fighter Superiority
title/title_snailonidas;Snailonidas
title/title_slick_flanker;Slick flanker
title/title_snail_enhanced_player;Snail Enhanced Player
title_fighter_superiority/desc;Participant of the Air Superiority FINAL tournament
title/title_french_tanker;French Tank Expert
title/title_tank_hero;Tank Tournaments Hero
title/title_air_hero;Air Tournaments Hero
title/title_race_hero;Racing Tournaments Hero
title/title_combined_hero;Combined Tournaments Hero
title/title_hero_olympus;Hero of the Olympus
title/title_tough_guy;Tough Guy
title/title_crusher;Crusher
title/title_lionhearted;Lionhearted
title/title_valiant;Valiant
title/title_poseidon;Poseidon
title/title_strategist;Strategist
title/title_ruthless;Ruthless
title/title_ronin;Ronin
title/title_devastator;Devastator
title_deck_the_halls_check_tank/name;"12 completed ""Christmas lights"" for tankers"
title_deck_the_halls_check_air/name;"12 completed ""Christmas lights"" tasks for pilots"
title/title_deck_the_halls;Deck the Halls
title/title_deck_the_halls/desc;"For 12 completed ""Christmas lights"" tasks for pilots or for 12 completed ""Christmas lights"" for tankers you will get the unique title."
title/title_got_a_cruiser;I've got a cruiser!
title/title_in_the_black;In the Black
title_in_the_black/desc;"For the purchase of ""Black Friday 2023"" bundle and for the owners of A43 Black Prince and P-61A-1 Black Widow"
title/title_brainiac;Brainiac
title/title_world_warrior;World Warrior
title_world_warrior/desc;World War CBT Reward
title/title_real_free_abrams;@realFreeAbrams
title/title_aye_of_the_tiger;Aye of the Tigor
title/title_god_thunder_corps;God Thunder Corps
title/title_first_in_deed;First in Deed
title/title_sledgehammer;Sledgehammer
title/title_overlord;Overlord
title/title_league_champion;War Thunder League Champion
title/title_league_winner;War Thunder League Winner
title/title_ancient_rus;Ancient Rus
title/title_lizard;Lizard
title/title_deception_master;Deception Master
title/title_esport_master;eSports Master
title/title_hotshot;Hotshot
title/title_comrade;Comrade
title/title_meister;Meister
title/title_dab_hand;Dab Hand
title/title_virtuoso;Virtuoso
title/title_maestro;Maestro
title/title_meijin;Meijin
title/title_the_lightning;The Lightning
title/title_snail_lord;Snail Lord
title/title_educator;Educator
title/title_chronicle;Champion of War
title/title_chainsaw_killer;Chainsaw Killer
title/title_tridactyl;Tridactyl
title/title_the_saloon_frequenter;The Saloon Frequenter
title/title_the_last_one_standing;The Last One Standing
title/title_the_pub_crawler;The Pub Crawler
title/title_the_grape_chief;The Grape Chief
title/title_the_brandenburg_merrymaker;The Brandenburg Merrymaker
title/title_the_party_samurai;The Party Samurai
title/title_the_leaning_hero;The Leaning Hero
title/title_the_fireworks_expert;The Fireworks Expert
title/title_the_new_year_champion;The New Year Champion
title/title_dancing_dragon;Dancing dragon
title/title_worldwar_attack_from_the_sea;╫ Veteran of the season: Attack from the Sea
title/title_worldwar_road_to_the_west;╫ Veteran of the season: Road to the West
title/title_defender_of_the_fatherland;Defender of the Fatherland
title/title_survivor;Survivor
title/title_my_castle;My castle
title/title_the_wolf_of_snail_street;The Wolf of Snail Street
title/title_lets_go;Let’s go!
title_lets_go/desc;Another milestone in the history of War Thunder has been reached - 121,784 players that were online at the same time! May these memorable title stop you forgetting about that achievement.
title/title_key_to_victory;Technological Supremacy Dictates the Battle in the Sky
title/title_armed_to_the_teeth;Armed to the Teeth
title/title_beachhead_gold;Beachhead Gold
title/title_beachhead_omaha;Beachhead Omaha
title/title_neptune;Neptune
title/title_hovering_threat;Hovering Threat
title/title_diving_threat;Diving Threat
title/title_air_superiority;Air Superiority
title/title_copa_hispana;Copa Hispana
title/title_sea_wolf;Sea Wolf
title/title_chief_mate;Chief mate
title/title_on_full_alert;On Full Alert
title/title_melomaniac;Melomaniac
title/title_defender_of_london;Defender of London
title/title_wind_of_change;Wind of Change
title/title_thunder_front;Thunder Front
title/title_on_a_roll;On a roll
title/title_desert_lion;Desert Lion
title/title_imperial_japanese_navy;Imperial Japanese Navy
title/title_one_in_a_phillion;One In A Phillion
title/title_spear_of_the_nation;Spear of the Nation
title/title_strong_role_model;Strong role model
title/title_steel_shell;Steel shell
title/title_dark_menace;Dark Menace
title/title_air_test_evaluation_department;Air Test and Evaluation Department
title/title_scarper_to_the_clouds;Scarper to the clouds
title/title_dmm_achiever_of_wt;Achiever of War Thunder 2021
title/title_unconquerable_resolve;The Unconquerable Resolve
title/title_mighty_endeavor;The Mighty Endeavor
title/title_liberator;Liberator
title/title_action_hero;Action hero
title/title_on_the_plus_side;On the plus side
title/title_shifu;Shifu
title/title_skald;Skald
title/title_the_irony_of_shooting;The Irony of Shooting
title_the_irony_of_shooting/desc;"For the purchase of ""The USSR Winter Holidays 2021"" Bundle"
title/title_armor_hard;Armor Hard
title_armor_hard/desc;"For the purchase of ""The USA Winter Holidays 2021"" Bundle"
title/title_guns_actually;Guns Actually
title_guns_actually/desc;"For the purchase of ""The British Winter Holidays 2021"" Bundle"
title/title_snails_apprentice;Snail's Apprentice
title_snails_apprentice/desc;"For the purchase of ""The French Winter Holidays 2021"" Bundle"
title/title_gunner_for_one;Gunner for one
title_gunner_for_one/desc;"For the purchase of ""The German Winter Holidays 2021"" Bundle"
title/title_slimy_relative;Slimy Relative
title_slimy_relative/desc;"For the purchase of ""The Italy Winter Holidays 2021"" Bundle"
title/title_let_the_shells_fly;Let the Shells Fly
title_let_the_shells_fly/desc;"For the purchase of ""The Chinese Winter Holidays 2021"" Bundle"
title/title_shell_alone;Shell alone
title_shell_alone/desc;"For the purchase of ""The Japanese Winter Holidays 2021"" Bundle"
title/title_snail_and_his_friends;Snail and His Friends
title_snail_and_his_friends/desc;"For the purchase of ""The Swedish Winter Holidays 2021"" Bundle"
title/title_fanboy;Fanboy
title_fanboy/desc;Can be obtained during the 2022-2023 New Year offer
title/title_connoisseur;Connoisseur
title_connoisseur/desc;Can be obtained during the 2022-2023 New Year offer
title/title_treasure_hunter;Treasure Hunter
title_treasure_hunter/desc;Can be obtained during the 2022-2023 New Year offer
title/title_above_all;Above All
title/title_shopaholic;Shopaholic
title_shopaholic/desc;Can be obtained during the 2022-2023 New Year offer
title/title_snailmas_special;Snailmas special
title/title_esport_manager;eSport Manager
title_esport_manager/desc;eSport Manager
title/title_esport_enjoyer;eSport Enjoyer
title/title_ace_of_the_sky;Ace of the Sky
title/title_beach_heroes;Beach Heroes
title/title_grand_final_champion;Grand Final Champion
title/title_best_buddies;Best Buddies
title/title_future_belongs_to_the_snail;Future belongs to the Snail
title_future_belongs_to_the_snail/desc;Future belongs to the Snail
title/title_riding_to_snailhalla;Riding to Snailhalla
title_riding_to_snailhalla/desc;Riding to Snailhalla
title/title_cyber_warrior;Cyber Warrior
title_cyber_warrior/desc;"For the purchase of ""Cyber Warrior"" Pack"
title/title_tenkahubu;Tenka Fubu
title_tenkahubu/desc;Tenka Fubu
charServer/entitlement/wt_yandex_plus_smk_bonus;Бонус Яндекс.Плюс - СМК
charServer/entitlement/wt_yandex_plus_airacobra_bonus;Бонус Яндекс.Плюс - P-39 K-1 Airacobra
charServer/entitlement/wt_yandex_plus_30_days_prem_bonus;Бонус Яндекс.Плюс - Премиум-аккаунт на 30 дней
title/title_phantom_forever;Phantom Forever
title/title_cinnamon_collector;Cinnamon collector
title_cinnamon_collector/desc;Only the bravest and most desperate person can be called a cinnamon collector.
title/title_yamato_damashii;Yamato-damashii
title/title_prince;Prince
title/title_beard_man;Beard man
title/title_etranger;étranger
title/title_silver_sky_fox;Silver sky fox
title/title_crimson_angel;Crimson angel
title/title_death_gods;Reaper
title/title_anti_government_army;Anti-government army
title/title_00_section;00 section
title/title_mercenary;Mercenary
title/title_royal_asran_air_force;ROYAL ASLAN AIR FORCE
title/title_area88;AREA 88
title/title_fireball;Fire Ball
title/title_rating_battle_tester;Rankings Challenge Tester
title_rating_battle_tester/desc;For participation in the testing of Rating Battles
title/title_best_striker_2023;Best Striker 2023
title_best_striker_2023/desc;"One of the top 50 by goals in the ""Tank Football 2023"" event"
title/title_best_winger_2023;Best Winger 2023
title_best_winger_2023/desc;"One of the top 50 by assists in the ""Tank Football 2023"" event"
title/title_best_goalkeeper_2023;Best Goalkeeper 2023
title_best_goalkeeper_2023/desc;"One of the top 50 by saves in the ""Tank Football 2023"" event"
title/title_best_striker_2024;Best Striker 2024
title_best_striker_2024/desc;"One of the top 50 by goals in the ""Tank Football 2024"" event"
title/title_best_winger_2024;Best Winger 2024
title_best_winger_2024/desc;"One of the top 50 by assists in the ""Tank Football 2024"" event"
title/title_best_goalkeeper_2024;Best Goalkeeper 2024
title_best_goalkeeper_2024/desc;"One of the top 50 by saves in the ""Tank Football 2024"" event"
title/title_all_you_need_is_snail;All You Need is Snail
title/title_crawl_buy_repeat;Crawl. Buy. Repeat.
title/title_black_luxury;Black Luxury
title_black_luxury/desc;"For the purchase of ""Black Friday 2022"" Bundle"
title/title_mans_dignity;Man's Dignity
title/title_don_quixote;Don Quixote
title/title_ground_attack_genius;Ground attack genius
title/title_rookie;Rookie
title/title_knight_of_the_azure_sky;Knight of the Azure Sky
title/title_gaijin_legion;Gaijin Legion
title/title_rev_the_engine;Rev the engine!!
title/title_yamato_air_lines;Yamato Air Lines
title/title_signed_the_sleepover_certificate;Signed the Sleepover certificate
title/title_10th_anniversary;╊10╋
title/title_defender_of_pandora;Defender of Pandora
title/title_conqueror_of_pandora;Conqueror of Pandora
title/title_mobile_warrior;Mobile Warrior
title_mobile_warrior/desc;For participating in an open field testing of advanced modern infantry equipment in urban combat
title/title_omega_predator;Omega Predator
title/title_atomic_heart;Atomic Heart
title/title_sampoer;Sampoer
title/title_furinkazan;Fūrinkazan
title/title_loot_carrier;Loot carrier
title_loot_carrier/desc;So, I exist in these Forgotten Lands, reduced to one instinct: GATHER RESOURCES.
title/title_artist_of_war;Artist of War
title/title_gold_must_flow;The Gold must flow
title_gold_must_flow/desc;"For the purchase of ""The Gold must flow"" Pack"
title/title_pitch_black;Pitch Black
title_pitch_black/desc;Bonus for purchasing the Black Friday bundle in 2024
title/title_olyst_fan;OlySt Team Fan
title/title_ranking_season_1_participant;Ranking Challenge Season 1 Participant
title_ranking_season_1_participant;For participation in the first season of the Ranking Challenge
title/title_intellectual;Intellectual
title/title_fitter;Fitter
title/esport_fan_avres;AVReS Team Fan
title/esport_fan_boisinhell;BoisInHell Team Fan
title/esport_fan_dodec;DODEC Team Fan
title/esport_fan_hide;Hide Team Fan
title/esport_fan_leet;LEET Team Fan
title/esport_fan_letsgo;LetsGo Team Fan
title/esport_fan_rawr;RAWR Team Fan
title/esport_fan_restart;Restart Team Fan
title/title_per_ardua_ad_astra;Per Ardua Ad Astra
title/title_serpent_rising;Serpent Rising
title/title_snake_charmer;Snake Charmer
title/title_great_war_veteran;Great War Veteran
title_great_war_veteran/desc;Reward for participating in “The Great War” event
title/title_hear_me_rawr;Hear me RAWR
title/title_golden_puppy;Golden Puppy
title/title_aspiring_whale;Aspiring Whale
title/title_protector_of_people;Protector of the People
title/title_pathway_to_stars;Pathway to the Stars
title_pathway_to_stars/desc;Bonus for purchasing the “Pathway to the Stars” bundle
title/title_stand_on_guard;Stand on Guard
title_stand_on_guard/desc;Bonus for purchasing the “Stand on Guard” bundle
title/title_titanomachy;Titanomachy
title/title_heat_seeker;Heat Seeker
title/title_the_missile_knows;The Missile Knows Where It Is
title_the_missile_knows/desc;"It Knows This Because It Knows Where It Isn’t
(Bonus for purchasing the “Skilled Pilot” pack)"
title/title_yee_haw;Yee-Haw!
title_yee_haw/desc;Bonus for purchasing the “How I Learned to Stop Worrying and Love War Thunder” pack.
title/title_world_on_fire;World on Fire
title_world_on_fire/desc;Bonus for purchasing the “Never Changes” pack.
title/title_never_pass_a_fault;Never Pass a Fault
title_never_pass_a_fault/desc;Bonus for purchasing the “Never Pass a Fault” bundle for Canadian Armed Forces Day.
;
;
;
<Ground Pre-Order Titles>;
;
title/title_predator;Predator
title_predator/desc;Bonus for pre-ordering the Leopard 1 A1A1 (L/44)
title/title_undefeated;Undefeated
title_undefeated/desc;Bonus for pre-ordering the T-55AM-1
title/title_triarius;Triarius
title_triarius/desc;Bonus for pre-ordering the 105/25 M43 (Grp.Cor.)
title/title_sentinel;Sentinel
title_sentinel/desc;Bonus for pre-ordering the ⛨M60A1 (Div.Cor.)
title/title_scourge;Scourge
title_scourge/desc;Bonus for pre-ordering the ▄Sho’t Kal D
title/title_fuji_school_brigade;Fuji School Brigade
title_fuji_school_brigade/desc;Bonus for pre-ordering the Type 74 TK (G)
title/title_devil_dog;Devil Dog
title_devil_dog/desc;Bonus for pre-ordering the Click-Bait
title/title_bedouin;Bedouin
title_bedouin/desc;Bonus for pre-ordering the Super AMX-30
title/title_nomad;Nomad
title_nomad/desc;Bonus for pre-ordering the OF-40 Mk.2 (MTCA)
title/title_guardian_of_empire;Guardian of Empire
title_guardian_of_empire/desc;Bonus for pre-ordering the ␗T-62 (№545)
title/title_jungle_warrior;Jungle Warrior
title_jungle_warrior/desc;Bonus for pre-ordering the ☀M4A4 (1st P.T.G.)
title/title_god_of_thunder;God of Thunder
title_god_of_thunder/desc;Bonus for pre-ordering the Strv 103-0
title/title_sleipnir;Sleipnir
title_sleipnir/desc;Bonus for pre-ordering the Sav fm/48
title/title_iron_claw;Iron Claw
title_iron_claw/desc;Bonus for pre-ordering the Rooikat 105
title/title_berserker;Berserker
title_berserker/desc;Bonus for pre-ordering the CV90105 (XC-8)
title/title_bengal_tiger;Bengal tiger
title_bengal_tiger/desc;Bonus for pre-ordering the ╷T-69 II G
title/title_savate_master;Savate Master
title_savate_master/desc;Bonus for pre-ordering the SOMUA SM
title/title_green_dragon;Green Dragon
title_green_dragon/desc;Bonus for pre-ordering the ZTZ96A (P)
title/title_experimental;Experimental
title_experimental/desc;Bonus for pre-ordering the Turm III
title/title_demon_camber;Demon of Camber
title_demon_camber/desc;Bonus for pre-ordering the Type 16 MCV (15th R.D.R.)
title/title_djinn_of_all_deserts;Djinn of All Deserts
title_djinn_of_all_deserts/desc;Bonus for pre-ordering the ╥Centauro 120
title/title_blue_blood;Blue Blood
title_blue_blood/desc;Bonus for pre-ordering the Christian II
title/title_hidalgo;Hidalgo
title_hidalgo/desc;Bonus for pre-ordering the ♰VRCC
title/title_blacksmith_of_victory;Blacksmith of Victory
title_blacksmith_of_victory/desc;Bonus for pre-ordering the Obj.140
title/title_soviet_hammer;Soviet Hammer
title_soviet_hammer/desc;Bonus for pre-ordering the IS-6
title/title_battering_ram;Battering Ram
title_battering_ram/desc;Bonus for pre-ordering the Obj.120
title/title_musketeer;Musketeer
title_musketeer/desc;Bonus for pre-ordering the B1 ter
title/title_desert_wolf;Desert Wolf
title_desert_wolf/desc;Bonus for pre-ordering the M4A1 (FL 10)
title/title_bite_hard;Bite Hard
title_bite_hard/desc;Bonus for pre-ordering the AMX-13-75-SS11
title/title_rattlesnake;Rattlesnake
title_rattlesnake/desc;Bonus for pre-ordering the ▃Magach 3
title/title_fire_breathing;Fire-Breathing
title_fire_breathing/desc;Bonus for pre-ordering the AMX-30 B (1967)
title/title_whispering_death;Whispering Death
title_whispering_death/desc;Bonus for pre-ordering the XM1 (GM)
title/title_royal_engineer;Royal Engineer
title_royal_engineer/desc;Bonus for pre-ordering the Centurion Mk.5 AVRE
title/title_red_scare;Red Scare
title_red_scare/desc;Bonus for pre-ordering the M1 [KVT]
title/title_god_of_vengeance;God of Vengeance
title_god_of_vengeance/desc;Bonus for pre-order the K9 VIDAR
title/title_golden_tank;Golden Tank
title_golden_tank/desc;Bonus for pre-ordering the Type 90 TK (B) (Fuji)
title/title_purple_thunder;Purple Thunder
title_purple_thunder/desc;Bonus for pre-ordering the Merkava S.3D (Ra'am Segol)
title/title_royal_canadian;Royal Canadian
title_royal_canadian/desc;Bonus for pre-ordering the ▄Leopard 2 A4M
title/title_honour_and_glory;Honour and Glory
title_honour_and_glory/desc;Bonus for pre-ordering the T-80UE-1
title/title_rapid_deploy;Rapid Deployment
title_rapid_deploy/desc;Bonus for pre-ordering the RDF / LT
title/title_no_one_but_us;No one but us
title_no_one_but_us/desc;Bonus for pre-ordering the BMD-4M
title/title_dial_m_for_marder;Dial M for Marder
title_dial_m_for_marder/desc;Bonus for pre-ordering the ◄Clovis
title/title_opposing_force;Opposing Force
title_opposing_force/desc;Bonus for pre-ordering the Type 74 TK (Red Star)
title/title_iron_heart;Iron Heart
title_iron_heart/desc;Bonus for pre-ordering the Ariete (20° Corso)
title/title_will_to_uphold;Will to Uphold
title/will_to_uphold/desc;Bonus for pre-ordering the Leopard 2 A4NL (OTCo)
title/title_hell_on_wheels;Hell on Wheels
title_hell_on_wheels/desc;Bonus for pre-ordering the “Hell on Wheels” bundle pack
title/title_fear_naught;Fear Naught
title_fear_naught/desc;Bonus for pre-ordering the “Echoes of Overlord” bundle pack
title/title_born_to_win;Born to Win
title_born_to_win/desc;Bonus for pre-ordering the “In May ‘45” bundle pack
title/title_big_gun;Big Gun
title_big_gun/desc;Bonus for pre-ordering the T58
title/title_big_ben;Big Ben
title_big_ben/desc;Bonus for pre-ordering the Vickers SP 155
title/title_bared_fangs;Bared Fangs
title_bared_fangs/desc;Bonus for pre-ordering the ZTZ96B
title/title_kate_fan;Fan of Kate
title_kate_fan/desc;Bonus for purchasing Kate’s M1A1HC
title/title_elsa_fan;Fan of Elsa
title_elsa_fan/desc;Bonus for purchasing Elsa’s Leopard 2A4M
title/title_maria_fan;Fan of Maria
title_maria_fan/desc;Bonus for purchasing Maria’s T-80UE-1
title/title_emily_fan;Fan of Emily
title_emily_fan/desc;Bonus for purchasing Emily’s Challenger 2 TES
title/title_usagi_fan;Fan of Usagi
title_usagi_fan/desc;Bonus for purchasing Usagi’s Type 90 TK (B)
title/title_ling_fan;Fan of Shen Feng Ling
title_ling_fan/desc;Bonus for purchasing Ling’s ZTZ90-IIM
title/title_spearhead_force;Spearhead Force
title_spearhead_force/desc;Bonus for pre-ordering the SPz Puma (PzGrBtl 33)
title/title_desert_predator;Desert Predator
title_desert_predator/desc;Bonus for pre-ordering the M60A1 RISE/P (!!WIP!!)
;
;
;
<Air Pre-Order Titles>;
;
title/title_flying_tank;Flying Tank
title_flying_tank/desc;Bonus for pre-ordering the ⚚Su-25K
title/title_cool_hand;Cool Hand
title_cool_hand/desc;Bonus for pre-ordering the A-6E (WCSI)
title/title_silver_swallow;Silver Swallow
title_silver_swallow/desc;Bonus for pre-ordering the ▀MiG-21bis-Lazur
title/title_phantom_menace;Phantom Menace
title_phantom_menace/desc;Bonus for pre-ordering the Phantom F.3
title/title_pioneering;Pioneering
title_pioneering/desc;Bonus for pre-ordering the J7D
title/title_swing_wing;Swing Wing
title_swing_wing/desc;Bonus for pre-ordering the MiG-23ML
title/title_lion_cub;Lion Cub
title_lion_cub/desc;Bonus for pre-ordering the Kfir C1P
title/title_star_fighter;Star Fighter
title_star_fighter/desc;Bonus for pre-ordering the ☪F-104S.CB
title/title_devils_disciple;The Devil's Disciple
title_devils_disciple/desc;Bouns for pre-ordering the F-4S-33
title/title_aggressor;Aggressor
title_aggressor/desc;Bonus for pre-ordering the F-5C-20
title/title_indra;Indra
title_indra/desc;Bonus for pre-ordering the ¤Su-7BMK
title/title_piercing_arrow;Piercing Arrow
title_piercing_arrow/desc;Bonus for pre-ordering the ☪A5C
title/title_runestone_dragon;Runestone Dragon
title_runestone_dragon/desc;Bonus for pre-ordering the J 35A1
title/title_brt;Brrrrrrrrrrrrrrrrrrrrrrrt
title_brt/desc;Bonus for pre-ordering the A-10A (1979)
title/title_war_kite;War kite
title_war_kite/desc;Bonus for pre-ordering the Milan S
title/title_flying_tiger;Flying Tiger
title_flying_tiger/desc;Bonus for pre-ordering the Hawk 81A-3
title/title_viking;Viking
title_viking/desc;Bonus for pre-ordering the J 29D
title/title_tornado;Tornado
title_tornado/desc;Bonus for pre-ordering the Pyörremyrsky
title/title_sky_dragon;Sky Dragon
title_sky_dragon/desc;Bonus for pre-ordering the F-86F-40 (BI)
title/title_knight_of_the_north;Knight of the North
title_knight_of_the_north/desc;Bonus for pre-ordering the Vautour II A
title/title_storm_petrel;Storm Petrel
title_storm_petrel/desc;Bonus for pre-ordering the ◄Sea Hawk Mk.100
title/title_venomous;Venomous
title_venomous/desc;Bonus for pre-ordering the ☩G.91R/4
title/title_reaper;Reaper
title_reaper/desc;Bonus for pre-ordering the GAF
title/title_skyblazer;Skyblazer
title_skyblazer/desc;Bonus for pre-ordering the F-86F-35
title/title_fire_raiser;Fire-Raiser
title_fire_raiser/desc;Bonus for pre-ordering the MiG-15bis-ISh
title/title_sergey_strikes_back;Sergey Strikes Back!
title_sergey_strikes_back/desc;Bonus for pre-ordering the Su-25TM
title/title_the_red_dragon;The Red Dragon
title_the_red_dragon/desc;Bonus for pre-ordering the ▆F5
title/title_ferocious;Ferocious
title_ferocious/desc;Bonus for pre-ordering the ◄Tornado IDS (WTD 61)
title/title_legionnaire;Legionnaire
title_legionnaire/desc;Bonus for pre-ordering the C.R.32bis
title/title_centurion;Centurion
title_centurion;Bonus for pre-ordering the G.55S
title/title_beyond_reproach;Beyond Reproach
title_beyond_reproach/desc;Bonus for pre-ordering the D.371 H.S.9
title/title_hot_shot;Hot Shot
title_hot_shot/desc;Bonus for pre-ordering the Narval
title/title_griffin;Griffin
title_griffin/desc;Bonus for pre-ordering the MB.5
title/title_doppelganger;Doppelganger
title_doppelganger/desc;Bonus for pre-ordering the Bf 109 Z-1
title/title_desert_wind;Desert Wind
title_desert_wind/desc;Bonus for pre-ordering the ⚝A-1A
title/title_falcon_slayer;Falcon Slayer
title_falcon_slayer/desc;Bonus for pre-ordering the ☸MiG-21UPG
title/title_aerial_predator;Aerial Predator
title_aerial_predator/desc;Bonus for pre-ordering the F-20A
title/title_supersonic_samurai;Supersonic Samurai
title_supersonic_samurai/desc;Bonus for pre-ordering the XT-2
title/title_any_time_wingman;Any time wingman
title_any_time_wingman/desc;Bonus for pre-ordering the F/A-18C-30
title/title_deeds_not_words;Deeds not Words
title_deeds_not_words/desc;Bonus for pre-ordering the Harrier T.10
title/title_golden_eagle;Golden Eagle
title_golden_eagle/desc;Bonus for pre-ordering the Netz
title/title_freedom_fighter;Freedom Fighter
title_freedom_fighter/desc;Bonus for pre-ordering the ◘NF-5A
title/title_bird_of_passage;Bird of Passage
title_bird_of_passage/desc;Bonus for pre-ordering the ⚚L-39ZA
title/title_viper_zero;Viper Zero
title_viper_zero/desc;Bonus for pre-ordering the XF-2A (ADTW)
title/title_alpine_tiger;Alpine Tiger
title_alpine_tiger/desc;Bonus for pre-ordering the ◌F/A-18C
title/title_slashing_pike;Slashing Pike
title_slashing_pike/desc;Bonus for pre-ordering the ◌P-16 Mk.III
title/title_mad_as_a_hornet;Mad as a Hornet
title_mad_as_a_hornet/desc;Bonus for pre-ordering the ▄CF-188A
title/title_tactical_support;Tactical Support
title_tactical_support/desc;Bonus for pre-ordering the Alpha Jet A (JaboG 41)
title/title_maverick;Maverick
title_maverick/desc;Bonus for pre-ordering the F-14D-160
title/title_balkan_attack_wing;Balkan Attack Wing
title_balkan_attack_wing/desc;Bonus for pre-ordering the ¤J-22M1A
;
;
;
<Heli Pre-Order Titles>;
;
title/title_janissary;Janissary
title_janissary/desc;Bonus for pre-ordering the T129B
title/title_sharp-toothed;Sharp-Toothed
title_sharp-toothed/desc;Bonus for pre-ordering the ⚚Mi-24D
title/title_pathfinder;Pathfinder
title_pathfinder/desc;Bonus for pre-ordering the UH-1C (XM30)
title/title_stinger;Stinger
title_stinger/desc;Bonus for pre-ordering the BO 105 CB-2
title/title_skylark;Skylark
title_skylark/desc;Bonus for pre-ordering the ╏IAR-316B
title/title_orochi;Orochi
title_orochi/desc;Bonus for pre-ordering the ▅AH-1S (4th ATHU)
title/title_silver_cat;Silver Cat
title_silver_cat/desc;Bonus for pre-ordering the G-LYNX
title/title_golden_eye;Golden Eye
title_golden_eye/desc;Bonus for pre-ordering the EC665 HAP
title/title_apache;Apache
title_apache/desc;Bonus for pre-ordering the ▃Peten
title/title_black_shark;Black Shark
title_black_shark/desc;Bonus for pre-ordering the Ka-50
title/title_fearless;Fearless
title_fearless/desc;Bonus for pre-ordering the A129 (ATP)
title/title_support_and_destruction;Support and Destruction
title_support_and_destruction/desc;Bonus for pre-ordering the HA-28 Tigre
title/title_the_duke;The Duke
title_the_duke/desc;Bonus for pre-ordering the RAH-66A Comanche
title/title_daiku;Daikyu
title_daiku_desc;Bonus for pre-ordering the AH-64DJP (74502)
;
;
;
<Naval Pre-Order Titles>;
;
title/title_fightingest;Fightingest
title_fightingest/desc;Bonus for pre-ordering the ▄Haida
title/title_sea_dog;Watchdog
title_sea_dog/desc;Bonus for pre-ordering the MTB 5001
title/title_long_lance;Long Lance
title_long_lance/desc;Bonus for pre-ordering the Kiyoshimo
title/title_risky;Risky
title_risky/desc;Bonus for pre-ordering the PG No.2
title/title_royal_blood;Royal Blood
title_royal_blood/desc;Bonus for pre-ordering the Prinz Eugen
title/title_sea_hawk;Sea Hawk
title_sea_hawk/desc;Bonus for pre-ordering the Sparviero
title/title_sapper;Sapper
title_sapper/desc;Bonus for pre-ordering the Geniere
title/title_the_last_all_gun;The last all-gun
title_the_last_all_gun/desc;Bonus for pre-ordering the Des Moines
title/title_breton_corsair;Breton Corsair
title_breton_corsair/desc;Bonus for pre-ordering the Duguay-Trouin
title/title_sea_sword;Sea Sword
title_sea_sword/desc;Bonus for pre-ordering the Z 20
title/title_hammerhead;Hammerhead
title_hammerhead/desc;Bonus for pre-ordering the Cowell
title/title_sea_eagle;Sea Eagle
title_sea_eagle/desc;Bonus for pre-ordering the Aigle
title/title_gaijin_shogun;Gaijin Shogun
title_gaijin_shogun/desc;Bonus for pre-ordering the Akansas
title/title_adamant;Adamant
title_adamant/desc;Bonus for pre-ordering the Marat
title/title_iron_duke;Iron Duke
title_iron_duke/desc;Bonus for pre-ordering the Iron Duke
title/title_oni_no_yamashiro;Oni no Yamashiro
title_oni_no_yamashiro/desc;Bonus for pre-ordering the Yamashiro
title/title_peoples_avenger;People's Avenger
title_peoples_avenger/desc;Bonus for pre-ordering the VLT 2
title/title_glorious_hit;Glorious Hit
title_glorious_hit/desc;Bonus for pre-ordering the Gneisenau
title/title_steel_guardian;Steel Guardian
title_steel_guardian/desc;Bonus for pre-ordering the Sevastopol
title/title_fighting_mary;Fighting Mary
title_fighting_mary/desc;Bonus for pre-ordering the Maryland
title/title_wonder_of_the_seas;Wonder of the Seas
title_wonder_of_the_seas/desc;Bonus for pre-ordering the Nelson
title/title_glorious_corsair;Glorious Corsair
title_glorious_corsair/desc;Bonus for pre-ordering the Jean Bart
;
;
;
<Battle Pass Titles>;
;
;Champion of the 1st Season Battle Pass
;Reward for completing Season 1 of the Battle Pass “75th Anniversary of the Great Victory”
title/title_primus_pilus;Primus Pilus
title_primus_pilus/desc;"Reward for completing Season 2 of the Battle Pass ""Steel Centurion"""
title/title_fullsterkur;Fullsterkur
title_fullsterkur/desc;"Reward for completing Season 3 of the Battle Pass ""Strength Athletics"""
title/title_voltigeur;Voltigeur
title_voltigeur/desc;"Reward for completing Season 4 of the Battle Pass ""Fearless Voltigeur"""
title/title_river_hunter;River Hunter
title_river_hunter/desc;"Reward for completing Season 5 of the Battle Pass ""River Hunter"""
title/title_150_level_attack_pilot;Level 150 Attack Pilot
title_150_level_attack_pilot/desc;"Reward for completing Season 6 of the Battle Pass ""Firepower"""
title/title_skillful_mahout;Skillful Mahout
title_skillful_mahout/desc;"Reward for completing Season 7 of the Battle Pass ""Armored Elephant"""
title/title_test_engineer;Test engineer
title_test_engineer/desc;"Reward for completing Season 8 of the Battle Pass ""Field Testing"""
title/title_firebringer;Firebringer
title_firebringer/desc;"Reward for completing Season 9 of the Battle Pass ""Smell of Victory"""
title/title_chevalier;Chevalier
title_chevalier/desc;"Reward for completing Season 10 of the Battle Pass ""Royal Guard"""
title/title_dashing_hussar;Dashing Hussar
title_dashing_hussar/desc;"Reward for completing Season 11 of the Battle Pass ""Her Majesty's Hussar"""
title/title_ambush_master;Ambush Master
title_ambush_master/desc;"Reward for completing Season 12 of the Battle Pass ""Armour Breaking Ambusher"""
title/title_storm_rider;Rider on the Storm
title_storm_rider/desc;"Reward for completing Season 13 of the Battle Pass ""Tropical Storm"""
title/title_screaming_eagle;Screaming Eagle
title_screaming_eagle/desc;Reward for completing Season 14 of the Battle Pass “Airborne General”
title/title_tiger_from_north;Tiger from the North
title_tiger_from_north/desc;"Reward for completing Season 15 of the Battle Pass ""Northern King"""
title/title_skilled_marksman;Skilled Marksman
title_skilled_marksman/desc;"Reward for completing Season 16 of the Battle Pass ""Skilled Marksman"""
title/title_master_harpooner;Master Harpooner
title_master_harpooner/desc;"Reward for completing Season 17 of the Battle Pass ""Guided Fury"""
title/title_last_legionnaire;The Last Legionnare
title_last_legionnaire/desc;Reward for completing Season 18 of the Battle Pass “The Last Legionnaire”
title/title_tester_first_sample;Tester of the First Sample
title_tester_first_sample/desc;Reward for completing Season 19 of the Battle Pass “First Sample”
title/title_flying_dragon;Flying Dragon
title_flying_dragon/desc;"Reward for completing Season 20 of the Battle Pass ""Flying Dragon"""
title/title_elusive_musketeer;The Elusive Musketeer
title_elusive_musketeer/desc;Reward for completing Season 21 of the Battle Pass “The Elusive Musketeer”
